Level2,Level3,Level4
Crafts Room,Spring Foraging Bundle,Wild Horseradish
Crafts Room,Spring Foraging Bundle,Leek
Crafts Room,Spring Foraging Bundle,Daffodil
Crafts Room,Spring Foraging Bundle,Dandelion
Crafts Room,Summer Foraging Bundle,Grape
Crafts Room,Summer Foraging Bundle,Sweet Pea
Crafts Room,Summer Foraging Bundle,Spice Berry
Crafts Room,Fall Foraging Bundle,Common Mushroom
Crafts Room,Fall Foraging Bundle,Wild Plum
Crafts Room,Fall Foraging Bundle,Hazelnut
Crafts Room,Fall Foraging Bundle,Blackberry
Crafts Room,Winter Foraging Bundle,Winter Root
Crafts Room,Winter Foraging Bundle,Crystal Fruit
Crafts Room,Winter Foraging Bundle,Snow Yam
Crafts Room,Winter Foraging Bundle,Crocus
Crafts Room,Construction Bundle,Wood
Crafts Room,Construction Bundle,Wood
Crafts Room,Construction Bundle,Stone
Crafts Room,Construction Bundle,Hardwood
Crafts Room,Exotic Foraging Bundle (5/9),Coconut
Crafts Room,Exotic Foraging Bundle (5/9),Cactus Fruit
Crafts Room,Exotic Foraging Bundle (5/9),Cave Carrot
Crafts Room,Exotic Foraging Bundle (5/9),Red Mushroom
Crafts Room,Exotic Foraging Bundle (5/9),Purple Mushroom
Crafts Room,Exotic Foraging Bundle (5/9),Maple Syrup
Crafts Room,Exotic Foraging Bundle (5/9),Oak Resin
Crafts Room,Exotic Foraging Bundle (5/9),Pine Tar
Crafts Room,Exotic Foraging Bundle (5/9),Morel
Pantry,Spring Crops Bundle,Parsnip
Pantry,Spring Crops Bundle,Green Bean
Pantry,Spring Crops Bundle,Cauliflower
Pantry,Spring Crops Bundle,Potato
Pantry,Summer Crops Bundle,Tomato
Pantry,Summer Crops Bundle,Hot Pepper
Pantry,Summer Crops Bundle,Blueberry
Pantry,Summer Crops Bundle,Melon
Pantry,Fall Crops Bundle,Corn
Pantry,Fall Crops Bundle,Eggplant
Pantry,Fall Crops Bundle,Pumpkin
Pantry,Fall Crops Bundle,Yam
Pantry,Quality Crops Bundle (3/4),Parsnip
Pantry,Quality Crops Bundle (3/4),Melon
Pantry,Quality Crops Bundle (3/4),Pumpkin
Pantry,Quality Crops Bundle (3/4),Corn
Pantry,Animal Bundle (5/6),Large Milk
Pantry,Animal Bundle (5/6),Large Egg (brown)
Pantry,Animal Bundle (5/6),Large Egg (white)
Pantry,Animal Bundle (5/6),Large Goat Milk
Pantry,Animal Bundle (5/6),Wool
Pantry,Animal Bundle (5/6),Duck Egg
Pantry,Artisan Bundle (6/12),Truffle Oil
Pantry,Artisan Bundle (6/12),Cloth
Pantry,Artisan Bundle (6/12),Goat Cheese
Pantry,Artisan Bundle (6/12),Cheese
Pantry,Artisan Bundle (6/12),Honey
Pantry,Artisan Bundle (6/12),Jelly
Pantry,Artisan Bundle (6/12),Apple
Pantry,Artisan Bundle (6/12),Apricot
Pantry,Artisan Bundle (6/12),Orange
Pantry,Artisan Bundle (6/12),Peach
Pantry,Artisan Bundle (6/12),Pomegranate
Pantry,Artisan Bundle (6/12),Cherry
Fish Tank,River Fish Bundle,Sunfish
Fish Tank,River Fish Bundle,Catfish
Fish Tank,River Fish Bundle,Shad
Fish Tank,River Fish Bundle,Tiger Trout
Fish Tank,Lake Fish Bundle,Largemount Bass
Fish Tank,Lake Fish Bundle,Carp
Fish Tank,Lake Fish Bundle,Bullhead
Fish Tank,Lake Fish Bundle,Sturgeon
Fish Tank,Ocean Fish Bundle,Sardine
Fish Tank,Ocean Fish Bundle,Tuna
Fish Tank,Ocean Fish Bundle,Red Snapper
Fish Tank,Ocean Fish Bundle,Tilapia
Fish Tank,Night Fishing Bundle,Walleye
Fish Tank,Night Fishing Bundle,Bream
Fish Tank,Night Fishing Bundle,Eel
Fish Tank,Crab Pot Bundle (5/10),Lobster
Fish Tank,Crab Pot Bundle (5/10),Crayfish
Fish Tank,Crab Pot Bundle (5/10),Crab
Fish Tank,Crab Pot Bundle (5/10),Cockle
Fish Tank,Crab Pot Bundle (5/10),Mussel
Fish Tank,Crab Pot Bundle (5/10),Shrimp
Fish Tank,Crab Pot Bundle (5/10),Snail
Fish Tank,Crab Pot Bundle (5/10),Periwinkle
Fish Tank,Crab Pot Bundle (5/10),Oyster
Fish Tank,Crab Pot Bundle (5/10),Clam
Fish Tank,Specialty Fish Bundle,Pufferfish
Fish Tank,Specialty Fish Bundle,Ghostfish
Fish Tank,Specialty Fish Bundle,Sandfish
Fish Tank,Specialty Fish Bundle,Woodskip
Boiler Room,Blacksmith's Bundle,Copper Bar
Boiler Room,Blacksmith's Bundle,Iron Bar
Boiler Room,Blacksmith's Bundle,Gold Bar
Boiler Room,Geologist's Bundle,Quartz
Boiler Room,Geologist's Bundle,Earth Crystal
Boiler Room,Geologist's Bundle,Frozen Tear
Boiler Room,Geologist's Bundle,Fire Quartz
Boiler Room,Adventurer's Bundle (2/4),Slime
Boiler Room,Adventurer's Bundle (2/4),Bat Wing
Boiler Room,Adventurer's Bundle (2/4),Solar Essence
Boiler Room,Adventurer's Bundle (2/4),Void Essence
Bulletin Board,Chef's Bundle,Maple Syrup
Bulletin Board,Chef's Bundle,Fiddlehead Fern
Bulletin Board,Chef's Bundle,Truffle
Bulletin Board,Chef's Bundle,Poppy
Bulletin Board,Chef's Bundle,Maki Roll
Bulletin Board,Chef's Bundle,Fried Egg
Bulletin Board,Dye Bundle,Red Mushroom
Bulletin Board,Dye Bundle,Sea Urchin
Bulletin Board,Dye Bundle,Sunflower
Bulletin Board,Dye Bundle,Duck Feather
Bulletin Board,Dye Bundle,Aquamarine
Bulletin Board,Dye Bundle,Red Cabbage
Bulletin Board,Field Research Bundle,Purple Mushroom
Bulletin Board,Field Research Bundle,Nautilus Shell
Bulletin Board,Field Research Bundle,Chub
Bulletin Board,Field Research Bundle,Frozen Geode
Bulletin Board,Fodder Bundle,Wheat
Bulletin Board,Fodder Bundle,Hay
Bulletin Board,Fodder Bundle,Apple
Bulletin Board,Enchanter's Bundle,Oak Resin
Bulletin Board,Enchanter's Bundle,Wine
Bulletin Board,Enchanter's Bundle,Rabbit's Foot
Bulletin Board,Enchanter's Bundle,Pomegranate
Vault,"2,500 Bundle","2,500g"
Vault,"5,000 Bundle","5,000g"
Vault,"10,000 Bundle","10,000g"
Vault,"25,000 Bundle","25,000g"
