source,category,target,season,bin,
Aerinite,Mineral,Museum,All,100g - 499g,
Aerinite,Mineral,Tailoring,All,100g - 499g,
Aged Roe,Artisan Good,Tailoring,All,100g - 499g,
Alamite,Mineral,Museum,All,100g - 499g,
Alamite,Mineral,Tailoring,All,100g - 499g,
Albacore,Fish,Artisan Goods,Fall,0g - 99g,
Albacore,Fish,Cooking,Fall,0g - 99g,
Albacore,Fish,Crafting,Fall,0g - 99g,
Albacore,Fish,Tailoring,Fall,0g - 99g,
Albacore,Fish,Quests,Fall,0g - 99g,
Albacore,Fish,Artisan Goods,Winter,0g - 99g,
Albacore,Fish,Cooking,Winter,0g - 99g,
Albacore,Fish,Crafting,Winter,0g - 99g,
Albacore,Fish,Tailoring,Winter,0g - 99g,
Albacore,Fish,Quests,Winter,0g - 99g,
Algae Soup,Dish,Quests,All,100g - 499g,
Algae Soup,Dish,Tailoring,All,100g - 499g,
Amaranth,Crop,Artisan Goods,Fall,100g - 499g,
Amaranth,Crop,Cooking,Fall,100g - 499g,
Amaranth,Crop,Tailoring,Fall,100g - 499g,
Amaranth,Crop,Quests,Fall,100g - 499g,
Amethyst,Mineral,Museum,All,100g - 499g,
Amethyst,Mineral,NPC Gifts,All,100g - 499g,
Amethyst,Mineral,Tailoring,All,100g - 499g,
Amethyst,Mineral,Quests,All,100g - 499g,
Amphibian Fossil,Artifact,Museum,All,100g - 499g,
Amphibian Fossil,Artifact,Tailoring,All,100g - 499g,
Anchor,Artifact,Museum,All,100g - 499g,
Anchor,Artifact,Tailoring,All,100g - 499g,
Anchovy,Fish,Artisan Goods,Spring,0g - 99g,
Anchovy,Fish,Cooking,Spring,0g - 99g,
Anchovy,Fish,Crafting,Spring,0g - 99g,
Anchovy,Fish,Tailoring,Spring,0g - 99g,
Anchovy,Fish,Quests,Spring,0g - 99g,
Anchovy,Fish,Artisan Goods,Fall,0g - 99g,
Anchovy,Fish,Cooking,Fall,0g - 99g,
Anchovy,Fish,Crafting,Fall,0g - 99g,
Anchovy,Fish,Tailoring,Fall,0g - 99g,
Anchovy,Fish,Quests,Fall,0g - 99g,
Ancient Doll,Artifact,Museum,All,0g - 99g,
Ancient Doll,Artifact,Tailoring,All,0g - 99g,
Ancient Drum,Artifact,Museum,All,100g - 499g,
Ancient Drum,Artifact,Tailoring,All,100g - 499g,
Ancient Fruit,Crop,Artisan Goods,Spring,500g - 999g,
Ancient Fruit,Crop,Bundles,Spring,500g - 999g,
Ancient Fruit,Crop,Tailoring,Spring,500g - 999g,
Ancient Fruit,Crop,Artisan Goods,Summer,500g - 999g,
Ancient Fruit,Crop,Bundles,Summer,500g - 999g,
Ancient Fruit,Crop,Tailoring,Summer,500g - 999g,
Ancient Fruit,Crop,Artisan Goods,Fall,500g - 999g,
Ancient Fruit,Crop,Bundles,Fall,500g - 999g,
Ancient Fruit,Crop,Tailoring,Fall,500g - 999g,
Ancient Seed,Artifact,Museum,All,0g - 99g,
Ancient Seed,Artifact,Tailoring,All,0g - 99g,
Ancient Sword,Artifact,Museum,All,100g - 499g,
Ancient Sword,Artifact,Tailoring,All,100g - 499g,
Angler,Fish,Cooking,Fall,500g - 999g,
Angler,Fish,Crafting,Fall,500g - 999g,
Apple,Crop,Artisan Goods,Fall,100g - 499g,
Apple,Crop,Bundles,Fall,100g - 499g,
Apple,Crop,Cooking,Fall,100g - 499g,
Apple,Crop,Tailoring,Fall,100g - 499g,
Apricot,Crop,Artisan Goods,Spring,0g - 99g,
Apricot,Crop,Quests,Spring,0g - 99g,
Apricot,Crop,Tailoring,Spring,0g - 99g,
Apricot,Crop,Cooking,Spring,0g - 99g,
Aquamarine,Mineral,Museum,All,100g - 499g,
Aquamarine,Mineral,NPC Gifts,All,100g - 499g,
Aquamarine,Mineral,Bundles,All,100g - 499g,
Aquamarine,Mineral,Crafting,All,100g - 499g,
Aquamarine,Mineral,Tailoring,All,100g - 499g,
Aquamarine,Mineral,Quests,All,100g - 499g,
Arrowhead,Artifact,Museum,All,0g - 99g,
Arrowhead,Artifact,Tailoring,All,0g - 99g,
Artichoke,Crop,Artisan Goods,Fall,100g - 499g,
Artichoke,Crop,Tailoring,Fall,100g - 499g,
Artichoke,Crop,Quests,Fall,100g - 499g,
Artichoke,Crop,Cooking,Fall,100g - 499g,
Artichoke Dip,Dish,Tailoring,All,100g - 499g,
Artichoke Dip,Dish,NPC Gifts,All,100g - 499g,
Autumn's Bounty,Dish,NPC Gifts,All,100g - 499g,
Autumn's Bounty,Dish,Tailoring,All,100g - 499g,
Baked Fish,Dish,Tailoring,All,100g - 499g,
Baryte,Mineral,Museum,All,0g - 99g,
Baryte,Mineral,Tailoring,All,0g - 99g,
Basalt,Mineral,Museum,All,100g - 499g,
Basalt,Mineral,Tailoring,All,100g - 499g,
Basalt,Mineral,Quests,All,100g - 499g,
Bat Wing,Resource,Bundles,All,0g - 99g,
Bat Wing,Resource,Crafting,All,0g - 99g,
Bat Wing,Resource,Tailoring,All,0g - 99g,
Bat Wing,Resource,Quests,All,0g - 99g,
Battery Pack,Resource,Crafting,Spring,500g - 999g,
Battery Pack,Resource,NPC Gifts,Spring,500g - 999g,
Battery Pack,Resource,Tailoring,Spring,500g - 999g,
Battery Pack,Resource,Quests,Spring,500g - 999g,
Battery Pack,Resource,Crafting,Summer,500g - 999g,
Battery Pack,Resource,NPC Gifts,Summer,500g - 999g,
Battery Pack,Resource,Tailoring,Summer,500g - 999g,
Battery Pack,Resource,Quests,Summer,500g - 999g,
Battery Pack,Resource,Crafting,Fall,500g - 999g,
Battery Pack,Resource,NPC Gifts,Fall,500g - 999g,
Battery Pack,Resource,Tailoring,Fall,500g - 999g,
Battery Pack,Resource,Quests,Fall,500g - 999g,
Bean Hotpot,Dish,Tailoring,All,100g - 499g,
Bean Hotpot,Dish,NPC Gifts,All,100g - 499g,
Beer,Artisan Good,NPC Gifts,All,100g - 499g,
Beer,Artisan Good,Tailoring,All,100g - 499g,
Beet,Crop,NPC Gifts,Fall,100g - 499g,
Beet,Crop,Refined Goods,Fall,100g - 499g,
Beet,Crop,Artisan Goods,Fall,100g - 499g,
Beet,Crop,Cooking,Fall,100g - 499g,
Beet,Crop,Tailoring,Fall,100g - 499g,
Beet,Crop,Quests,Fall,100g - 499g,
Bixite,Mineral,Museum,All,100g - 499g,
Bixite,Mineral,Tailoring,All,100g - 499g,
Blackberry,Foraged,Artisan Goods,Fall,0g - 99g,
Blackberry,Foraged,Bundles,Fall,0g - 99g,
Blackberry,Foraged,Cooking,Fall,0g - 99g,
Blackberry,Foraged,Crafting,Fall,0g - 99g,
Blackberry,Foraged,Quests,Fall,0g - 99g,
Blackberry,Foraged,Tailoring,Fall,0g - 99g,
Blackberry Cobbler,Dish,NPC Gifts,All,100g - 499g,
Blackberry Cobbler,Dish,Tailoring,All,100g - 499g,
Blobfish,Fish,Artisan Goods,Winter,500g - 999g,
Blobfish,Fish,Cooking,Winter,500g - 999g,
Blobfish,Fish,Crafting,Winter,500g - 999g,
Blobfish,Fish,Tailoring,Winter,500g - 999g,
Blue Jazz,Crop,Tailoring,Spring,0g - 99g,
Blue Jazz,Crop,Cooking,Spring,0g - 99g,
Blueberry,Crop,Artisan Goods,Summer,0g - 99g,
Blueberry,Crop,Tailoring,Summer,0g - 99g,
Blueberry,Crop,Bundles,Summer,0g - 99g,
Blueberry,Crop,Cooking,Summer,0g - 99g,
Blueberry Tart,Dish,NPC Gifts,All,100g - 499g,
Blueberry Tart,Dish,Tailoring,All,100g - 499g,
Bok Choy,Crop,Artisan Goods,Fall,0g - 99g,
Bok Choy,Crop,Tailoring,Fall,0g - 99g,
Bok Choy,Crop,Quests,Fall,0g - 99g,
Bok Choy,Crop,Cooking,Fall,0g - 99g,
Bone Flute,Artifact,Museum,All,100g - 499g,
Bone Flute,Artifact,Tailoring,All,100g - 499g,
Bread,Dish,Tailoring,All,0g - 99g,
Bread,Dish,Quests,All,0g - 99g,
Bread,Dish,Cooking,All,0g - 99g,
Bream,Fish,Artisan Goods,All,0g - 99g,
Bream,Fish,Bundles,All,0g - 99g,
Bream,Fish,Cooking,All,0g - 99g,
Bream,Fish,Crafting,All,0g - 99g,
Bream,Fish,Tailoring,All,0g - 99g,
Bream,Fish,Quests,All,0g - 99g,
Bruschetta,Dish,Tailoring,All,100g - 499g,
Bug Meat,Resource,Crafting,All,0g - 99g,
Bug Meat,Resource,Tailoring,All,0g - 99g,
Bug Meat,Resource,Quests,All,0g - 99g,
Bullhead,Fish,Artisan Goods,All,0g - 99g,
Bullhead,Fish,Bundles,All,0g - 99g,
Bullhead,Fish,Cooking,All,0g - 99g,
Bullhead,Fish,Crafting,All,0g - 99g,
Bullhead,Fish,Tailoring,All,0g - 99g,
Bullhead,Fish,Quests,All,0g - 99g,
Cactus Fruit,Foraged,Artisan Goods,All,0g - 99g,
Cactus Fruit,Foraged,Buildings,All,0g - 99g,
Cactus Fruit,Foraged,Tailoring,All,0g - 99g,
Cactus Fruit,Foraged,Quests,All,0g - 99g,
Cactus Fruit,Foraged,Bundles,All,0g - 99g,
Calcite,Mineral,Museum,All,0g - 99g,
Calcite,Mineral,Tailoring,All,0g - 99g,
Carp,Fish,Artisan Goods,All,0g - 99g,
Carp,Fish,Bundles,All,0g - 99g,
Carp,Fish,Cooking,All,0g - 99g,
Carp,Fish,Crafting,All,0g - 99g,
Carp,Fish,Tailoring,All,0g - 99g,
Carp,Fish,Quests,All,0g - 99g,
Carp Surprise,Dish,Tailoring,All,100g - 499g,
Catfish,Fish,NPC Gifts,Spring,100g - 499g,
Catfish,Fish,Artisan Goods,Spring,100g - 499g,
Catfish,Fish,Bundles,Spring,100g - 499g,
Catfish,Fish,Cooking,Spring,100g - 499g,
Catfish,Fish,Crafting,Spring,100g - 499g,
Catfish,Fish,Tailoring,Spring,100g - 499g,
Catfish,Fish,Quests,Spring,100g - 499g,
Catfish,Fish,NPC Gifts,Fall,100g - 499g,
Catfish,Fish,Artisan Goods,Fall,100g - 499g,
Catfish,Fish,Bundles,Fall,100g - 499g,
Catfish,Fish,Cooking,Fall,100g - 499g,
Catfish,Fish,Crafting,Fall,100g - 499g,
Catfish,Fish,Tailoring,Fall,100g - 499g,
Catfish,Fish,Quests,Fall,100g - 499g,
Cauliflower,Crop,Artisan Goods,Spring,100g - 499g,
Cauliflower,Crop,Quests,Spring,100g - 499g,
Cauliflower,Crop,Tailoring,Spring,100g - 499g,
Cauliflower,Crop,NPC Gifts,Spring,100g - 499g,
Cauliflower,Crop,Cooking,Spring,100g - 499g,
Cauliflower,Crop,Bundles,Spring,100g - 499g,
Cave Carrot,Foraged,Tailoring,All,0g - 99g,
Cave Carrot,Foraged,Quests,All,0g - 99g,
Cave Carrot,Foraged,Cooking,All,0g - 99g,
Cave Carrot,Foraged,Bundles,All,0g - 99g,
Caviar,Artisan Good,Bundles,All,500g - 999g,
Caviar,Artisan Good,Tailoring,All,500g - 999g,
Celestine,Mineral,Museum,All,100g - 499g,
Celestine,Mineral,Tailoring,All,100g - 499g,
Chanterelle,Foraged,Tailoring,Fall,100g - 499g,
Chanterelle,Foraged,Cooking,Fall,100g - 499g,
Cheese,Artisan Good,Bundles,All,100g - 499g,
Cheese,Artisan Good,Cooking,All,100g - 499g,
Cheese,Artisan Good,Tailoring,All,100g - 499g,
Cheese Cauliflower,Dish,Tailoring,All,100g - 499g,
Cheese Cauliflower,Dish,NPC Gifts,All,100g - 499g,
Cherry,Crop,Artisan Goods,Spring,0g - 99g,
Cherry,Crop,Bundles,Spring,0g - 99g,
Cherry,Crop,Tailoring,Spring,0g - 99g,
Chewing Stick,Artifact,Museum,All,0g - 99g,
Chewing Stick,Artifact,Tailoring,All,0g - 99g,
Chicken Statue,Artifact,Museum,All,0g - 99g,
Chicken Statue,Artifact,Tailoring,All,0g - 99g,
Chipped Amphora,Artifact,Museum,All,0g - 99g,
Chipped Amphora,Artifact,Tailoring,All,0g - 99g,
Chocolate Cake,Dish,Tailoring,All,100g - 499g,
Chocolate Cake,Dish,NPC Gifts,All,100g - 499g,
Chowder,Dish,Tailoring,All,100g - 499g,
Chub,Fish,Artisan Goods,All,0g - 99g,
Chub,Fish,Bundles,All,0g - 99g,
Chub,Fish,Cooking,All,0g - 99g,
Chub,Fish,Crafting,All,0g - 99g,
Chub,Fish,Tailoring,All,0g - 99g,
Chub,Fish,Quests,All,0g - 99g,
Clam,Foraged,Bundles,All,0g - 99g,
Clam,Foraged,Crafting,All,0g - 99g,
Clam,Foraged,Cooking,All,0g - 99g,
Clam,Foraged,Tailoring,All,0g - 99g,
Clam,Foraged,Quests,All,0g - 99g,
Clam,Foraged,Buildings,All,0g - 99g,
Clay,Resource,Crafting,All,0g - 99g,
Clay,Resource,Buildings,All,0g - 99g,
Clay,Resource,Tailoring,All,0g - 99g,
Clay,Resource,Quests,All,0g - 99g,
Cloth,Artisan Good,NPC Gifts,All,100g - 499g,
Cloth,Artisan Good,Bundles,All,100g - 499g,
Cloth,Artisan Good,Crafting,All,100g - 499g,
Cloth,Artisan Good,Buildings,All,100g - 499g,
Cloth,Artisan Good,Tailoring,All,100g - 499g,
Coal,Resource,Crafting,All,0g - 99g,
Coal,Resource,Tailoring,All,0g - 99g,
Coal,Resource,Quests,All,0g - 99g,
Coal,Resource,Refined Goods,All,0g - 99g,
Cockle,Fish,Artisan Goods,All,0g - 99g,
Cockle,Fish,Bundles,All,0g - 99g,
Cockle,Fish,Cooking,All,0g - 99g,
Cockle,Fish,Crafting,All,0g - 99g,
Cockle,Fish,Tailoring,All,0g - 99g,
Coconut,Foraged,Artisan Goods,All,100g - 499g,
Coconut,Foraged,Tailoring,All,100g - 499g,
Coconut,Foraged,Buildings,All,100g - 499g,
Coconut,Foraged,Quests,All,100g - 499g,
Coconut,Foraged,Bundles,All,100g - 499g,
Coconut,Foraged,Cooking,All,100g - 499g,
Coconut,Foraged,Crafting,All,100g - 499g,
Coffee Bean,Crop,Artisan Goods,Spring,0g - 99g,
Coffee Bean,Crop,Tailoring,Spring,0g - 99g,
Coffee Bean,Crop,Quests,Spring,0g - 99g,
Coffee Bean,Crop,Artisan Goods,Summer,0g - 99g,
Coffee Bean,Crop,Tailoring,Summer,0g - 99g,
Coffee Bean,Crop,Quests,Summer,0g - 99g,
Coleslaw,Dish,Tailoring,All,100g - 499g,
Common Mushroom,Foraged,Bundles,Spring,0g - 99g,
Common Mushroom,Foraged,Cooking,Spring,0g - 99g,
Common Mushroom,Foraged,Crafting,Spring,0g - 99g,
Common Mushroom,Foraged,Quests,Spring,0g - 99g,
Common Mushroom,Foraged,Tailoring,Spring,0g - 99g,
Common Mushroom,Foraged,Bundles,Fall,0g - 99g,
Common Mushroom,Foraged,Cooking,Fall,0g - 99g,
Common Mushroom,Foraged,Crafting,Fall,0g - 99g,
Common Mushroom,Foraged,Quests,Fall,0g - 99g,
Common Mushroom,Foraged,Tailoring,Fall,0g - 99g,
Complete Breakfast,Dish,Tailoring,All,100g - 499g,
Complete Breakfast,Dish,NPC Gifts,All,100g - 499g,
Cookie,Dish,Tailoring,All,100g - 499g,
Cookie,Dish,Quests,All,100g - 499g,
Copper Bar,Refined Good,Crafting,All,0g - 99g,
Copper Bar,Refined Good,Buildings,All,0g - 99g,
Copper Bar,Refined Good,Bundles,All,0g - 99g,
Copper Bar,Refined Good,Tailoring,All,0g - 99g,
Copper Bar,Refined Good,Quests,All,0g - 99g,
Copper Ore,Resource,Refined Goods,All,0g - 99g,
Copper Ore,Resource,Crafting,All,0g - 99g,
Copper Ore,Resource,Tailoring,All,0g - 99g,
Copper Ore,Resource,Quests,All,0g - 99g,
Coral,Foraged,Crafting,All,0g - 99g,
Coral,Foraged,Buildings,All,0g - 99g,
Coral,Foraged,Tailoring,All,0g - 99g,
Coral,Foraged,Quests,All,0g - 99g,
Corn,Crop,Cooking,Summer,0g - 99g,
Corn,Crop,Tailoring,Summer,0g - 99g,
Corn,Crop,Quests,Summer,0g - 99g,
Corn,Crop,Artisan Goods,Summer,0g - 99g,
Corn,Crop,Bundles,Summer,0g - 99g,
Corn,Crop,Cooking,Fall,0g - 99g,
Corn,Crop,Tailoring,Fall,0g - 99g,
Corn,Crop,Quests,Fall,0g - 99g,
Corn,Crop,Artisan Goods,Fall,0g - 99g,
Corn,Crop,Bundles,Fall,0g - 99g,
Crab,Fish,Artisan Goods,All,100g - 499g,
Crab,Fish,Bundles,All,100g - 499g,
Crab,Fish,Cooking,All,100g - 499g,
Crab,Fish,Crafting,All,100g - 499g,
Crab,Fish,Tailoring,All,100g - 499g,
Crab Cakes,Dish,Tailoring,All,100g - 499g,
Crab Cakes,Dish,NPC Gifts,All,100g - 499g,
Cranberries,Crop,Artisan Goods,Fall,0g - 99g,
Cranberries,Crop,Tailoring,Fall,0g - 99g,
Cranberries,Crop,Cooking,Fall,0g - 99g,
Cranberry Candy,Dish,Tailoring,All,100g - 499g,
Cranberry Candy,Dish,NPC Gifts,All,100g - 499g,
Cranberry Sauce,Dish,Tailoring,All,100g - 499g,
Crayfish,Fish,Artisan Goods,All,0g - 99g,
Crayfish,Fish,Bundles,All,0g - 99g,
Crayfish,Fish,Cooking,All,0g - 99g,
Crayfish,Fish,Crafting,All,0g - 99g,
Crayfish,Fish,Tailoring,All,0g - 99g,
Crayfish,Fish,Quests,All,0g - 99g,
Crimsonfish,Fish,Cooking,Summer,"1,000g - 5,000g",
Crimsonfish,Fish,Crafting,Summer,"1,000g - 5,000g",
Crispy Bass,Dish,NPC Gifts,All,100g - 499g,
Crispy Bass,Dish,Tailoring,All,100g - 499g,
Crocus,Foraged,NPC Gifts,Winter,0g - 99g,
Crocus,Foraged,Bundles,Winter,0g - 99g,
Crocus,Foraged,Crafting,Winter,0g - 99g,
Crocus,Foraged,Tailoring,Winter,0g - 99g,
Crocus,Foraged,Quests,Winter,0g - 99g,
Crystal Fruit,Foraged,Artisan Goods,Winter,100g - 499g,
Crystal Fruit,Foraged,Bundles,Winter,100g - 499g,
Crystal Fruit,Foraged,Crafting,Winter,100g - 499g,
Crystal Fruit,Foraged,Tailoring,Winter,100g - 499g,
Crystal Fruit,Foraged,Quests,Winter,100g - 499g,
Daffodil,Foraged,Bundles,Spring,0g - 99g,
Daffodil,Foraged,NPC Gifts,Spring,0g - 99g,
Daffodil,Foraged,Tailoring,Spring,0g - 99g,
Daffodil,Foraged,Quests,Spring,0g - 99g,
Daffodil,Foraged,Crafting,Spring,0g - 99g,
Dandelion,Foraged,Tailoring,Spring,0g - 99g,
Dandelion,Foraged,Quests,Spring,0g - 99g,
Dandelion,Foraged,Crafting,Spring,0g - 99g,
Dandelion,Foraged,Cooking,Spring,0g - 99g,
Dandelion,Foraged,Bundles,Spring,0g - 99g,
Diamond,Mineral,Museum,All,500g - 999g,
Diamond,Mineral,NPC Gifts,All,500g - 999g,
Diamond,Mineral,Tailoring,All,500g - 999g,
Diamond,Mineral,Quests,All,500g - 999g,
Diamond,Mineral,Crafting,All,500g - 999g,
Dinosaur Egg,Artifact,Artisan Goods,All,100g - 499g,
Dinosaur Egg,Artifact,Tailoring,All,100g - 499g,
Dinosaur Egg,Artifact,Museum,All,100g - 499g,
Dinosaur Mayonnaise,Artisan Good,Bundles,All,500g - 999g,
Dinosaur Mayonnaise,Artisan Good,Tailoring,All,500g - 999g,
Dish O' The Sea,Dish,NPC Gifts,All,100g - 499g,
Dish O' The Sea,Dish,Tailoring,All,100g - 499g,
Dolomite,Mineral,Museum,All,100g - 499g,
Dolomite,Mineral,Tailoring,All,100g - 499g,
Dorado,Fish,Artisan Goods,Summer,100g - 499g,
Dorado,Fish,Cooking,Summer,100g - 499g,
Dorado,Fish,Crafting,Summer,100g - 499g,
Dorado,Fish,Tailoring,Summer,100g - 499g,
Dried Starfish,Artifact,Museum,All,0g - 99g,
Dried Starfish,Artifact,Tailoring,All,0g - 99g,
Duck Egg,Animal Product,Artisan Goods,All,0g - 99g,
Duck Egg,Animal Product,Bundles,All,0g - 99g,
Duck Egg,Animal Product,Tailoring,All,0g - 99g,
Duck Egg,Animal Product,Cooking,All,0g - 99g,
Duck Feather,Animal Product,NPC Gifts,All,100g - 499g,
Duck Feather,Animal Product,Bundles,All,100g - 499g,
Duck Feather,Animal Product,Tailoring,All,100g - 499g,
Duck Mayonnaise,Artisan Good,Tailoring,All,100g - 499g,
Dwarf Gadget,Artifact,Museum,All,100g - 499g,
Dwarf Gadget,Artifact,Tailoring,All,100g - 499g,
Dwarf Scroll I,Artifact,Tailoring,All,0g - 99g,
Dwarf Scroll I,Artifact,Quests,All,0g - 99g,
Dwarf Scroll I,Artifact,Museum,All,0g - 99g,
Dwarf Scroll II,Artifact,Museum,All,0g - 99g,
Dwarf Scroll II,Artifact,Tailoring,All,0g - 99g,
Dwarf Scroll II,Artifact,Quests,All,0g - 99g,
Dwarf Scroll III,Artifact,Museum,All,0g - 99g,
Dwarf Scroll III,Artifact,Tailoring,All,0g - 99g,
Dwarf Scroll III,Artifact,Quests,All,0g - 99g,
Dwarf Scroll IV,Artifact,Museum,All,0g - 99g,
Dwarf Scroll IV,Artifact,Tailoring,All,0g - 99g,
Dwarvish Helm,Artifact,Museum,All,100g - 499g,
Dwarvish Helm,Artifact,Tailoring,All,100g - 499g,
Earth Crystal,Mineral,Museum,All,0g - 99g,
Earth Crystal,Mineral,Bundles,All,0g - 99g,
Earth Crystal,Mineral,Crafting,All,0g - 99g,
Earth Crystal,Mineral,Tailoring,All,0g - 99g,
Earth Crystal,Mineral,Quests,All,0g - 99g,
Earth Crystal,Mineral,Buildings,All,0g - 99g,
Eel,Fish,Artisan Goods,Spring,0g - 99g,
Eel,Fish,Bundles,Spring,0g - 99g,
Eel,Fish,Cooking,Spring,0g - 99g,
Eel,Fish,Crafting,Spring,0g - 99g,
Eel,Fish,Tailoring,Spring,0g - 99g,
Eel,Fish,Quests,Spring,0g - 99g,
Eel,Fish,Artisan Goods,Fall,0g - 99g,
Eel,Fish,Bundles,Fall,0g - 99g,
Eel,Fish,Cooking,Fall,0g - 99g,
Eel,Fish,Crafting,Fall,0g - 99g,
Eel,Fish,Tailoring,Fall,0g - 99g,
Eel,Fish,Quests,Fall,0g - 99g,
Egg (brown),Animal Product,Quests,All,0g - 99g,
Egg (brown),Animal Product,Tailoring,All,0g - 99g,
Egg (brown),Animal Product,Artisan Goods,All,0g - 99g,
Egg (brown),Animal Product,Cooking,All,0g - 99g,
Egg (white),Animal Product,Quests,All,0g - 99g,
Egg (white),Animal Product,Tailoring,All,0g - 99g,
Egg (white),Animal Product,Artisan Goods,All,0g - 99g,
Egg (white),Animal Product,Cooking,All,0g - 99g,
Eggplant,Crop,Artisan Goods,Fall,0g - 99g,
Eggplant,Crop,Tailoring,Fall,0g - 99g,
Eggplant,Crop,Quests,Fall,0g - 99g,
Eggplant,Crop,Bundles,Fall,0g - 99g,
Eggplant,Crop,Cooking,Fall,0g - 99g,
Eggplant Parmesan,Dish,Tailoring,All,100g - 499g,
Eggplant Parmesan,Dish,NPC Gifts,All,100g - 499g,
Elvish Jewelry,Artifact,Museum,All,100g - 499g,
Elvish Jewelry,Artifact,Tailoring,All,100g - 499g,
Emerald,Mineral,NPC Gifts,All,100g - 499g,
Emerald,Mineral,Museum,All,100g - 499g,
Emerald,Mineral,Tailoring,All,100g - 499g,
Emerald,Mineral,Quests,All,100g - 499g,
Escargot,Dish,NPC Gifts,All,100g - 499g,
Escargot,Dish,Tailoring,All,100g - 499g,
Esperite,Mineral,Museum,All,100g - 499g,
Esperite,Mineral,Tailoring,All,100g - 499g,
Fairy Rose,Crop,NPC Gifts,Fall,100g - 499g,
Fairy Rose,Crop,Tailoring,Fall,100g - 499g,
Fairy Stone,Mineral,Museum,All,100g - 499g,
Fairy Stone,Mineral,Tailoring,All,100g - 499g,
Farmer's Lunch,Dish,Tailoring,All,100g - 499g,
Farmer's Lunch,Dish,NPC Gifts,All,100g - 499g,
Fiber,Resource,Crafting,All,0g - 99g,
Fiber,Resource,Buildings,All,0g - 99g,
Fiber,Resource,Tailoring,All,0g - 99g,
Fiber,Resource,Quests,All,0g - 99g,
Fiddlehead Fern,Foraged,Artisan Goods,Summer,0g - 99g,
Fiddlehead Fern,Foraged,Tailoring,Summer,0g - 99g,
Fiddlehead Fern,Foraged,Bundles,Summer,0g - 99g,
Fiddlehead Fern,Foraged,Cooking,Summer,0g - 99g,
Fiddlehead Risotto,Dish,Tailoring,All,100g - 499g,
Fiddlehead Risotto,Dish,NPC Gifts,All,100g - 499g,
Fire Opal,Mineral,Museum,All,100g - 499g,
Fire Opal,Mineral,Tailoring,All,100g - 499g,
Fire Quartz,Mineral,Museum,All,100g - 499g,
Fire Quartz,Mineral,Tailoring,All,100g - 499g,
Fire Quartz,Mineral,Bundles,All,100g - 499g,
Fire Quartz,Mineral,Crafting,All,100g - 499g,
Fire Quartz,Mineral,Refined Goods,All,100g - 499g,
Fire Quartz,Mineral,Quests,All,100g - 499g,
Fish Stew,Dish,Tailoring,All,100g - 499g,
Fish Taco,Dish,NPC Gifts,All,500g - 999g,
Fish Taco,Dish,Tailoring,All,500g - 999g,
Flounder,Fish,Artisan Goods,Spring,100g - 499g,
Flounder,Fish,Cooking,Spring,100g - 499g,
Flounder,Fish,Crafting,Spring,100g - 499g,
Flounder,Fish,Quests,Spring,100g - 499g,
Flounder,Fish,Artisan Goods,Summer,100g - 499g,
Flounder,Fish,Cooking,Summer,100g - 499g,
Flounder,Fish,Crafting,Summer,100g - 499g,
Flounder,Fish,Quests,Summer,100g - 499g,
Fluorapatite,Mineral,Museum,All,100g - 499g,
Fluorapatite,Mineral,Tailoring,All,100g - 499g,
Fried Calamari,Dish,NPC Gifts,All,100g - 499g,
Fried Calamari,Dish,Tailoring,All,100g - 499g,
Fried Eel,Dish,NPC Gifts,All,100g - 499g,
Fried Eel,Dish,Tailoring,All,100g - 499g,
Fried Egg,Dish,Bundles,All,0g - 99g,
Fried Egg,Dish,Cooking,All,0g - 99g,
Fried Egg,Dish,Tailoring,All,0g - 99g,
Fried Mushroom,Dish,NPC Gifts,All,100g - 499g,
Fried Mushroom,Dish,Tailoring,All,100g - 499g,
Frozen Geode,Mineral,Bundles,All,100g - 499g,
Frozen Geode,Mineral,Tailoring,All,100g - 499g,
Frozen Geode,Mineral,Quests,All,100g - 499g,
Frozen Tear,Mineral,Museum,All,0g - 99g,
Frozen Tear,Mineral,NPC Gifts,All,0g - 99g,
Frozen Tear,Mineral,Bundles,All,0g - 99g,
Frozen Tear,Mineral,Crafting,All,0g - 99g,
Frozen Tear,Mineral,Tailoring,All,0g - 99g,
Frozen Tear,Mineral,Quests,All,0g - 99g,
Fruit Salad,Dish,NPC Gifts,All,100g - 499g,
Fruit Salad,Dish,Tailoring,All,100g - 499g,
Garlic,Crop,Artisan Goods,Spring,0g - 99g,
Garlic,Crop,Tailoring,Spring,0g - 99g,
Garlic,Crop,Cooking,Spring,0g - 99g,
Geminite,Mineral,Museum,All,100g - 499g,
Geminite,Mineral,Tailoring,All,100g - 499g,
Geode,Mineral,Tailoring,All,0g - 99g,
Geode,Mineral,Quests,All,0g - 99g,
Ghost Crystal,Mineral,Museum,All,100g - 499g,
Ghost Crystal,Mineral,Tailoring,All,100g - 499g,
Ghostfish,Fish,Artisan Goods,All,0g - 99g,
Ghostfish,Fish,Bundles,All,0g - 99g,
Ghostfish,Fish,Cooking,All,0g - 99g,
Ghostfish,Fish,Crafting,All,0g - 99g,
Ghostfish,Fish,Tailoring,All,0g - 99g,
Ghostfish,Fish,Quests,All,0g - 99g,
Glacierfish,Fish,Cooking,Winter,"1,000g - 5,000g",
Glacierfish,Fish,Crafting,Winter,"1,000g - 5,000g",
Glass Shards,Artifact,Museum,All,0g - 99g,
Glass Shards,Artifact,Tailoring,All,0g - 99g,
Glazed Yams,Dish,Tailoring,All,100g - 499g,
Glazed Yams,Dish,NPC Gifts,All,100g - 499g,
Goat Cheese,Artisan Good,NPC Gifts,All,100g - 499g,
Goat Cheese,Artisan Good,Bundles,All,100g - 499g,
Goat Cheese,Artisan Good,Tailoring,All,100g - 499g,
Goat Milk,Animal Product,Artisan Goods,All,100g - 499g,
Goat Milk,Animal Product,Tailoring,All,100g - 499g,
Gold Bar,Refined Good,Crafting,All,100g - 499g,
Gold Bar,Refined Good,NPC Gifts,All,100g - 499g,
Gold Bar,Refined Good,Bundles,All,100g - 499g,
Gold Bar,Refined Good,Tailoring,All,100g - 499g,
Gold Bar,Refined Good,Quests,All,100g - 499g,
Gold Ore,Resource,Refined Goods,All,0g - 99g,
Gold Ore,Resource,Crafting,All,0g - 99g,
Gold Ore,Resource,Tailoring,All,0g - 99g,
Gold Ore,Resource,Quests,All,0g - 99g,
Golden Mask,Artifact,Museum,All,500g - 999g,
Golden Mask,Artifact,Tailoring,All,500g - 999g,
Golden Relic,Artifact,Museum,All,100g - 499g,
Golden Relic,Artifact,Tailoring,All,100g - 499g,
Golden Relic,Artifact,Quests,All,100g - 499g,
Granite,Mineral,Museum,All,0g - 99g,
Granite,Mineral,Tailoring,All,0g - 99g,
Granite,Mineral,Quests,All,0g - 99g,
Grape,Foraged,Artisan Goods,Summer,0g - 99g,
Grape,Foraged,NPC Gifts,Summer,0g - 99g,
Grape,Foraged,Bundles,Summer,0g - 99g,
Grape,Foraged,Crafting,Summer,0g - 99g,
Grape,Foraged,Tailoring,Summer,0g - 99g,
Grape,Foraged,Quests,Summer,0g - 99g,
Green Algae,Fish,Cooking,All,0g - 99g,
Green Algae,Fish,Buildings,All,0g - 99g,
Green Algae,Fish,Tailoring,All,0g - 99g,
Green Algae,Fish,Quests,All,0g - 99g,
Green Bean,Crop,Artisan Goods,Spring,0g - 99g,
Green Bean,Crop,Tailoring,Spring,0g - 99g,
Green Bean,Crop,Quests,Spring,0g - 99g,
Green Bean,Crop,Bundles,Spring,0g - 99g,
Green Bean,Crop,Cooking,Spring,0g - 99g,
Green Tea,Artisan Good,NPC Gifts,All,100g - 499g,
Green Tea,Artisan Good,Tailoring,All,100g - 499g,
Green Tea,Artisan Good,Quests,All,100g - 499g,
Halibut,Fish,Cooking,Spring,0g - 99g,
Halibut,Fish,Artisan Goods,Spring,0g - 99g,
Halibut,Fish,Crafting,Spring,0g - 99g,
Halibut,Fish,Tailoring,Spring,0g - 99g,
Halibut,Fish,Cooking,Summer,0g - 99g,
Halibut,Fish,Artisan Goods,Summer,0g - 99g,
Halibut,Fish,Crafting,Summer,0g - 99g,
Halibut,Fish,Tailoring,Summer,0g - 99g,
Halibut,Fish,Cooking,Winter,0g - 99g,
Halibut,Fish,Artisan Goods,Winter,0g - 99g,
Halibut,Fish,Crafting,Winter,0g - 99g,
Halibut,Fish,Tailoring,Winter,0g - 99g,
Hardwood,Resource,Crafting,All,0g - 99g,
Hardwood,Resource,Buildings,All,0g - 99g,
Hardwood,Resource,Tailoring,All,0g - 99g,
Hardwood,Resource,Quests,All,0g - 99g,
Hardwood,Resource,Bundles,All,0g - 99g,
Hashbrowns,Dish,Tailoring,All,100g - 499g,
Hashbrowns,Dish,Cooking,All,100g - 499g,
Hazelnut,Foraged,Bundles,Fall,0g - 99g,
Hazelnut,Foraged,Cooking,Fall,0g - 99g,
Hazelnut,Foraged,Crafting,Fall,0g - 99g,
Hazelnut,Foraged,Quests,Fall,0g - 99g,
Hazelnut,Foraged,Tailoring,Fall,0g - 99g,
Helvite,Mineral,Museum,All,100g - 499g,
Helvite,Mineral,Tailoring,All,100g - 499g,
Hematite,Mineral,Museum,All,100g - 499g,
Hematite,Mineral,Tailoring,All,100g - 499g,
Herring,Fish,Artisan Goods,Spring,0g - 99g,
Herring,Fish,Cooking,Spring,0g - 99g,
Herring,Fish,Crafting,Winter,0g - 99g,
Herring,Fish,Tailoring,Winter,0g - 99g,
Herring,Fish,Quests,Winter,0g - 99g,
Holly,Foraged,Tailoring,Winter,0g - 99g,
Honey,Artisan Good,Artisan Goods,Summer,100g - 499g,
Honey,Artisan Good,Bundles,Summer,100g - 499g,
Honey,Artisan Good,Crafting,Summer,100g - 499g,
Honey,Artisan Good,Tailoring,Summer,100g - 499g,
Honey,Artisan Good,Quests,Summer,100g - 499g,
Honey,Artisan Good,Artisan Goods,Spring,100g - 499g,
Honey,Artisan Good,Bundles,Spring,100g - 499g,
Honey,Artisan Good,Crafting,Spring,100g - 499g,
Honey,Artisan Good,Tailoring,Spring,100g - 499g,
Honey,Artisan Good,Quests,Spring,100g - 499g,
Honey,Artisan Good,Artisan Goods,Fall,100g - 499g,
Honey,Artisan Good,Bundles,Fall,100g - 499g,
Honey,Artisan Good,Crafting,Fall,100g - 499g,
Honey,Artisan Good,Tailoring,Fall,100g - 499g,
Honey,Artisan Good,Quests,Fall,100g - 499g,
Hops,Crop,Artisan Goods,Summer,0g - 99g,
Hops,Crop,Tailoring,Summer,0g - 99g,
Hot Pepper,Crop,Artisan Goods,Summer,0g - 99g,
Hot Pepper,Crop,NPC Gifts,Summer,0g - 99g,
Hot Pepper,Crop,Tailoring,Summer,0g - 99g,
Hot Pepper,Crop,Quests,Summer,0g - 99g,
Hot Pepper,Crop,Cooking,Summer,0g - 99g,
Hot Pepper,Crop,Bundles,Summer,0g - 99g,
Ice Cream,Dish,NPC Gifts,All,100g - 499g,
Ice Cream,Dish,Tailoring,All,100g - 499g,
Ice Pip,Fish,Artisan Goods,All,500g - 999g,
Ice Pip,Fish,Tailoring,All,500g - 999g,
Ice Pip,Fish,Crafting,All,500g - 999g,
Ice Pip,Fish,Cooking,All,500g - 999g,
Iridium Bar,Refined Good,Crafting,All,"1,000g - 5,000g",
Iridium Bar,Refined Good,NPC Gifts,All,"1,000g - 5,000g",
Iridium Bar,Refined Good,Buildings,All,"1,000g - 5,000g",
Iridium Bar,Refined Good,Tailoring,All,"1,000g - 5,000g",
Iridium Bar,Refined Good,Quests,All,"1,000g - 5,000g",
Iridium Ore,Resource,Refined Goods,All,100g - 499g,
Iridium Ore,Resource,Crafting,All,100g - 499g,
Iridium Ore,Resource,Tailoring,All,100g - 499g,
Iridium Ore,Resource,Quests,All,100g - 499g,
Iron Bar,Refined Good,Crafting,All,100g - 499g,
Iron Bar,Refined Good,Buildings,All,100g - 499g,
Iron Bar,Refined Good,Bundles,All,100g - 499g,
Iron Bar,Refined Good,Tailoring,All,100g - 499g,
Iron Bar,Refined Good,Quests,All,100g - 499g,
Iron Ore,Resource,Refined Goods,All,0g - 99g,
Iron Ore,Resource,Crafting,All,0g - 99g,
Iron Ore,Resource,Tailoring,All,0g - 99g,
Iron Ore,Resource,Quests,All,0g - 99g,
Jade,Mineral,Museum,All,100g - 499g,
Jade,Mineral,NPC Gifts,All,100g - 499g,
Jade,Mineral,Tailoring,All,100g - 499g,
Jade,Mineral,Quests,All,100g - 499g,
Jagoite,Mineral,Museum,All,100g - 499g,
Jagoite,Mineral,Tailoring,All,100g - 499g,
Jamborite,Mineral,Museum,All,100g - 499g,
Jamborite,Mineral,Tailoring,All,100g - 499g,
Jasper,Mineral,Museum,All,100g - 499g,
Jasper,Mineral,Tailoring,All,100g - 499g,
Jelly,Artisan Good,Bundles,All,100g - 499g,
Jelly,Artisan Good,Tailoring,All,100g - 499g,
Jelly,Artisan Good,Quests,All,100g - 499g,
Juice,Artisan Good,Tailoring,All,100g - 499g,
Kale,Crop,Artisan Goods,Spring,100g - 499g,
Kale,Crop,Tailoring,Spring,100g - 499g,
Kale,Crop,Quests,Spring,100g - 499g,
Kale,Crop,Cooking,Spring,100g - 499g,
Kyanite,Mineral,Museum,All,100g - 499g,
Kyanite,Mineral,Tailoring,All,100g - 499g,
Large Egg (brown),Animal Product,Tailoring,All,0g - 99g,
Large Egg (brown),Animal Product,Artisan Goods,All,0g - 99g,
Large Egg (brown),Animal Product,Bundles,All,0g - 99g,
Large Egg (brown),Animal Product,Cooking,All,0g - 99g,
Large Egg (white),Animal Product,Tailoring,All,0g - 99g,
Large Egg (white),Animal Product,Artisan Goods,All,0g - 99g,
Large Egg (white),Animal Product,Bundles,All,0g - 99g,
Large Egg (white),Animal Product,Cooking,All,0g - 99g,
Large Goat Milk,Animal Product,Bundles,All,100g - 499g,
Large Goat Milk,Animal Product,Artisan Goods,All,100g - 499g,
Large Goat Milk,Animal Product,Tailoring,All,100g - 499g,
Large Milk,Animal Product,Tailoring,All,100g - 499g,
Large Milk,Animal Product,Artisan Goods,All,100g - 499g,
Large Milk,Animal Product,Cooking,All,100g - 499g,
Large Milk,Animal Product,Bundles,All,100g - 499g,
Largemouth Bass,Fish,Artisan Goods,All,100g - 499g,
Largemouth Bass,Fish,Bundles,All,100g - 499g,
Largemouth Bass,Fish,Cooking,All,100g - 499g,
Largemouth Bass,Fish,Crafting,All,100g - 499g,
Largemouth Bass,Fish,Tailoring,All,100g - 499g,
Largemouth Bass,Fish,Quests,All,100g - 499g,
Lava Eel,Fish,Artisan Goods,All,500g - 999g,
Lava Eel,Fish,Cooking,All,500g - 999g,
Lava Eel,Fish,Crafting,All,500g - 999g,
Lava Eel,Fish,Tailoring,All,500g - 999g,
Leek,Foraged,Quests,Spring,0g - 99g,
Leek,Foraged,Tailoring,Spring,0g - 99g,
Leek,Foraged,NPC Gifts,Spring,0g - 99g,
Leek,Foraged,Crafting,Spring,0g - 99g,
Leek,Foraged,Cooking,Spring,0g - 99g,
Leek,Foraged,Bundles,Spring,0g - 99g,
Legend,Fish,Cooking,Spring,"1,000g - 5,000g",
Legend,Fish,Crafting,Spring,"1,000g - 5,000g",
Lemon Stone,Mineral,Museum,All,100g - 499g,
Lemon Stone,Mineral,NPC Gifts,All,100g - 499g,
Lemon Stone,Mineral,Tailoring,All,100g - 499g,
Limestone,Mineral,Museum,All,0g - 99g,
Limestone,Mineral,Tailoring,All,0g - 99g,
Limestone,Mineral,Quests,All,0g - 99g,
Lingcod,Fish,Artisan Goods,Winter,100g - 499g,
Lingcod,Fish,Cooking,Winter,100g - 499g,
Lingcod,Fish,Crafting,Winter,100g - 499g,
Lingcod,Fish,Tailoring,Winter,100g - 499g,
Lingcod,Fish,Quests,Winter,100g - 499g,
Lobster,Fish,NPC Gifts,All,100g - 499g,
Lobster,Fish,Artisan Goods,All,100g - 499g,
Lobster,Fish,Bundles,All,100g - 499g,
Lobster,Fish,Cooking,All,100g - 499g,
Lobster,Fish,Crafting,All,100g - 499g,
Lobster,Fish,Tailoring,All,100g - 499g,
Lobster,Fish,Quests,All,100g - 499g,
Lobster Bisque,Dish,Tailoring,All,100g - 499g,
Lucky Lunch,Dish,Tailoring,All,100g - 499g,
Lunarite,Mineral,Museum,All,100g - 499g,
Lunarite,Mineral,Tailoring,All,100g - 499g,
Magma Geode,Mineral,Tailoring,All,100g - 499g,
Maki Roll,Dish,Tailoring,All,100g - 499g,
Maki Roll,Dish,Bundles,All,100g - 499g,
Malachite,Mineral,Museum,All,100g - 499g,
Malachite,Mineral,Tailoring,All,100g - 499g,
Maple Bar,Dish,NPC Gifts,All,100g - 499g,
Maple Bar,Dish,Tailoring,All,100g - 499g,
Maple Syrup,Artisan Good,Bundles,All,100g - 499g,
Maple Syrup,Artisan Good,Crafting,All,100g - 499g,
Maple Syrup,Artisan Good,Cooking,All,100g - 499g,
Maple Syrup,Artisan Good,Tailoring,All,100g - 499g,
Maple Syrup,Artisan Good,Quests,All,100g - 499g,
Marble,Mineral,Museum,All,100g - 499g,
Marble,Mineral,Tailoring,All,100g - 499g,
Marble,Mineral,Crafting,All,100g - 499g,
Mayonnaise,Artisan Good,Cooking,All,100g - 499g,
Mayonnaise,Artisan Good,Tailoring,All,100g - 499g,
Mayonnaise,Artisan Good,Quests,All,100g - 499g,
Mead,Artisan Good,NPC Gifts,All,100g - 499g,
Mead,Artisan Good,Tailoring,All,100g - 499g,
Melon,Crop,Artisan Goods,Summer,100g - 499g,
Melon,Crop,Tailoring,Summer,100g - 499g,
Melon,Crop,Quests,Summer,100g - 499g,
Melon,Crop,NPC Gifts,Summer,100g - 499g,
Melon,Crop,Cooking,Summer,100g - 499g,
Melon,Crop,Bundles,Summer,100g - 499g,
Midnight Carp,Fish,Artisan Goods,Fall,100g - 499g,
Midnight Carp,Fish,Cooking,Fall,100g - 499g,
Midnight Carp,Fish,Crafting,Fall,100g - 499g,
Midnight Carp,Fish,Quests,Fall,100g - 499g,
Midnight Carp,Fish,Artisan Goods,Winter,100g - 499g,
Midnight Carp,Fish,Cooking,Winter,100g - 499g,
Midnight Carp,Fish,Crafting,Winter,100g - 499g,
Midnight Carp,Fish,Quests,Winter,100g - 499g,
Midnight Squid,Fish,Tailoring,Winter,100g - 499g,
Midnight Squid,Fish,Cooking,Winter,100g - 499g,
Midnight Squid,Fish,Crafting,Winter,100g - 499g,
Milk,Animal Product,Quests,All,100g - 499g,
Milk,Animal Product,Tailoring,All,100g - 499g,
Milk,Animal Product,Artisan Goods,All,100g - 499g,
Milk,Animal Product,Cooking,All,100g - 499g,
Miner's Treat,Dish,NPC Gifts,All,100g - 499g,
Miner's Treat,Dish,Tailoring,All,100g - 499g,
Morel,Foraged,Tailoring,Spring,100g - 499g,
Morel,Foraged,Cooking,Spring,100g - 499g,
Morel,Foraged,Bundles,Spring,100g - 499g,
Mudstone,Mineral,Museum,All,0g - 99g,
Mudstone,Mineral,Tailoring,All,0g - 99g,
Mudstone,Mineral,Quests,All,0g - 99g,
Mussel,Fish,Artisan Goods,All,0g - 99g,
Mussel,Fish,Bundles,All,0g - 99g,
Mussel,Fish,Cooking,All,0g - 99g,
Mussel,Fish,Crafting,All,0g - 99g,
Mussel,Fish,Tailoring,All,0g - 99g,
Mussel,Fish,Quests,All,0g - 99g,
Mutant Carp,Fish,Cooking,All,"1,000g - 5,000g",
Mutant Carp,Fish,Crafting,All,"1,000g - 5,000g",
Nautilus Fossil,Artifact,Museum,All,0g - 99g,
Nautilus Fossil,Artifact,Tailoring,All,0g - 99g,
Nautilus Shell,Foraged,Bundles,Winter,100g - 499g,
Nautilus Shell,Foraged,Quests,Winter,100g - 499g,
Nautilus Shell,Foraged,Tailoring,Winter,100g - 499g,
Nekoite,Mineral,Museum,All,0g - 99g,
Nekoite,Mineral,Tailoring,All,0g - 99g,
Neptunite,Mineral,Museum,All,500g - 999g,
Neptunite,Mineral,Tailoring,All,500g - 999g,
Oak Resin,Artisan Good,Bundles,All,100g - 499g,
Oak Resin,Artisan Good,Crafting,All,100g - 499g,
Oak Resin,Artisan Good,Tailoring,All,100g - 499g,
Oak Resin,Artisan Good,Quests,All,100g - 499g,
Obsidian,Mineral,Museum,All,100g - 499g,
Obsidian,Mineral,NPC Gifts,All,100g - 499g,
Obsidian,Mineral,Tailoring,All,100g - 499g,
Ocean Stone,Mineral,Museum,All,100g - 499g,
Ocean Stone,Mineral,Tailoring,All,100g - 499g,
Ocean Stone,Mineral,Quests,All,100g - 499g,
Octopus,Fish,Artisan Goods,Summer,100g - 499g,
Octopus,Fish,NPC Gifts,Summer,100g - 499g,
Octopus,Fish,Cooking,Summer,100g - 499g,
Octopus,Fish,Crafting,Summer,100g - 499g,
Octopus,Fish,Tailoring,Summer,100g - 499g,
Octopus,Fish,Quests,Summer,100g - 499g,
Omelet,Dish,Tailoring,All,100g - 499g,
Omelet,Dish,Cooking,All,100g - 499g,
Omni Geode,Mineral,NPC Gifts,All,0g - 99g,
Omni Geode,Mineral,Tailoring,All,0g - 99g,
Omni Geode,Mineral,Quests,All,0g - 99g,
Opal,Mineral,Museum,All,100g - 499g,
Opal,Mineral,Tailoring,All,100g - 499g,
Orange,Crop,Artisan Goods,Summer,100g - 499g,
Orange,Crop,NPC Gifts,Summer,100g - 499g,
Orange,Crop,Bundles,Summer,100g - 499g,
Orange,Crop,Tailoring,Summer,100g - 499g,
Ornamental Fan,Artifact,Museum,All,100g - 499g,
Ornamental Fan,Artifact,Tailoring,All,100g - 499g,
Orpiment,Mineral,Museum,All,0g - 99g,
Orpiment,Mineral,Tailoring,All,0g - 99g,
Oyster,Fish,Bundles,All,0g - 99g,
Oyster,Fish,Cooking,All,0g - 99g,
Oyster,Fish,Crafting,All,0g - 99g,
Oyster,Fish,Tailoring,All,0g - 99g,
Oyster,Fish,Quests,All,0g - 99g,
Pale Ale,Artisan Good,NPC Gifts,All,100g - 499g,
Pale Ale,Artisan Good,Tailoring,All,100g - 499g,
Pale Ale,Artisan Good,Quests,All,100g - 499g,
Pale Broth,Dish,Tailoring,All,100g - 499g,
Palm Fossil,Artifact,Museum,All,100g - 499g,
Palm Fossil,Artifact,Tailoring,All,100g - 499g,
Pancakes,Dish,Tailoring,All,0g - 99g,
Pancakes,Dish,NPC Gifts,All,0g - 99g,
Pancakes,Dish,Cooking,All,0g - 99g,
Parsnip,Crop,Artisan Goods,Spring,0g - 99g,
Parsnip,Crop,Tailoring,Spring,0g - 99g,
Parsnip,Crop,Quests,Spring,0g - 99g,
Parsnip,Crop,NPC Gifts,Spring,0g - 99g,
Parsnip,Crop,Bundles,Spring,0g - 99g,
Parsnip,Crop,Cooking,Spring,0g - 99g,
Parsnip Soup,Dish,Tailoring,All,100g - 499g,
Parsnip Soup,Dish,NPC Gifts,All,100g - 499g,
Peach,Crop,Artisan Goods,Summer,100g - 499g,
Peach,Crop,NPC Gifts,Summer,100g - 499g,
Peach,Crop,Bundles,Summer,100g - 499g,
Peach,Crop,Tailoring,Summer,100g - 499g,
Pepper Poppers,Dish,NPC Gifts,All,100g - 499g,
Pepper Poppers,Dish,Tailoring,All,100g - 499g,
Perch,Fish,Artisan Goods,Winter,0g - 99g,
Perch,Fish,Tailoring,Winter,0g - 99g,
Perch,Fish,Quests,Winter,0g - 99g,
Perch,Fish,Crafting,Winter,0g - 99g,
Perch,Fish,Cooking,Winter,0g - 99g,
Periwinkle,Fish,Artisan Goods,All,0g - 99g,
Periwinkle,Fish,Bundles,All,0g - 99g,
Periwinkle,Fish,Cooking,All,0g - 99g,
Periwinkle,Fish,Crafting,All,0g - 99g,
Periwinkle,Fish,Tailoring,All,0g - 99g,
Periwinkle,Fish,Quests,All,0g - 99g,
Petrified Slime,Mineral,Museum,All,100g - 499g,
Petrified Slime,Mineral,Tailoring,All,100g - 499g,
Petrified Slime,Mineral,Quests,All,100g - 499g,
Pickles,Artisan Good,NPC Gifts,All,100g - 499g,
Pickles,Artisan Good,Tailoring,All,100g - 499g,
Pickles,Artisan Good,Quests,All,100g - 499g,
Pike,Fish,Artisan Goods,Summer,100g - 499g,
Pike,Fish,Cooking,Summer,100g - 499g,
Pike,Fish,Crafting,Summer,100g - 499g,
Pike,Fish,Tailoring,Summer,100g - 499g,
Pike,Fish,Quests,Summer,100g - 499g,
Pike,Fish,Artisan Goods,Winter,100g - 499g,
Pike,Fish,Cooking,Winter,100g - 499g,
Pike,Fish,Crafting,Winter,100g - 499g,
Pike,Fish,Tailoring,Winter,100g - 499g,
Pike,Fish,Quests,Winter,100g - 499g,
Pine Tar,Artisan Good,Bundles,All,100g - 499g,
Pine Tar,Artisan Good,Crafting,All,100g - 499g,
Pine Tar,Artisan Good,Tailoring,All,100g - 499g,
Pine Tar,Artisan Good,Quests,All,100g - 499g,
Pink Cake,Dish,Tailoring,All,100g - 499g,
Pink Cake,Dish,NPC Gifts,All,100g - 499g,
Pizza,Dish,NPC Gifts,All,100g - 499g,
Pizza,Dish,Tailoring,All,100g - 499g,
Pizza,Dish,Quests,All,100g - 499g,
Plum Pudding,Dish,Tailoring,All,100g - 499g,
Plum Pudding,Dish,NPC Gifts,All,100g - 499g,
Pomegranate,Crop,Artisan Goods,Fall,100g - 499g,
Pomegranate,Crop,NPC Gifts,Fall,100g - 499g,
Pomegranate,Crop,Bundles,Fall,100g - 499g,
Pomegranate,Crop,Tailoring,Fall,100g - 499g,
Poppy,Crop,NPC Gifts,Summer,100g - 499g,
Poppy,Crop,Bundles,Summer,100g - 499g,
Poppy,Crop,Cooking,Summer,100g - 499g,
Poppy,Crop,Tailoring,Summer,100g - 499g,
Poppyseed Muffin,Dish,Tailoring,All,100g - 499g,
Poppyseed Muffin,Dish,NPC Gifts,All,100g - 499g,
Potato,Crop,Artisan Goods,Spring,0g - 99g,
Potato,Crop,Quests,Spring,0g - 99g,
Potato,Crop,Tailoring,Spring,0g - 99g,
Potato,Crop,Bundles,Spring,0g - 99g,
Potato,Crop,Cooking,Spring,0g - 99g,
Prehistoric Handaxe,Artifact,Museum,All,0g - 99g,
Prehistoric Handaxe,Artifact,Tailoring,All,0g - 99g,
Prehistoric Rib,Artifact,Museum,All,100g - 499g,
Prehistoric Rib,Artifact,Tailoring,All,100g - 499g,
Prehistoric Scapula,Artifact,Museum,All,100g - 499g,
Prehistoric Scapula,Artifact,Tailoring,All,100g - 499g,
Prehistoric Skull,Artifact,Museum,All,100g - 499g,
Prehistoric Skull,Artifact,Tailoring,All,100g - 499g,
Prehistoric Tibia,Artifact,Museum,All,100g - 499g,
Prehistoric Tibia,Artifact,Tailoring,All,100g - 499g,
Prehistoric Tool,Artifact,Museum,All,0g - 99g,
Prehistoric Tool,Artifact,Tailoring,All,0g - 99g,
Prehistoric Vertebra,Artifact,Museum,All,100g - 499g,
Prehistoric Vertebra,Artifact,Tailoring,All,100g - 499g,
Prismatic Shard,Mineral,Museum,All,"1,000g - 5,000g",
Prismatic Shard,Mineral,NPC Gifts,All,"1,000g - 5,000g",
Prismatic Shard,Mineral,Bundles,All,"1,000g - 5,000g",
Prismatic Shard,Mineral,Crafting,All,"1,000g - 5,000g",
Prismatic Shard,Mineral,Tailoring,All,"1,000g - 5,000g",
Prismatic Shard,Mineral,Quests,All,"1,000g - 5,000g",
Pufferfish,Fish,NPC Gifts,Summer,100g - 499g,
Pufferfish,Fish,Artisan Goods,Summer,100g - 499g,
Pufferfish,Fish,Bundles,Summer,100g - 499g,
Pufferfish,Fish,Tailoring,Summer,100g - 499g,
Pufferfish,Fish,Quests,Summer,100g - 499g,
Pufferfish,Fish,Crafting,Summer,100g - 499g,
Pufferfish,Fish,Cooking,Summer,100g - 499g,
Pumpkin,Crop,NPC Gifts,Fall,100g - 499g,
Pumpkin,Crop,Artisan Goods,Fall,100g - 499g,
Pumpkin,Crop,Tailoring,Fall,100g - 499g,
Pumpkin,Crop,Quests,Fall,100g - 499g,
Pumpkin,Crop,Crafting,Fall,100g - 499g,
Pumpkin,Crop,Cooking,Fall,100g - 499g,
Pumpkin,Crop,Bundles,Fall,100g - 499g,
Pumpkin Pie,Dish,NPC Gifts,All,100g - 499g,
Pumpkin Pie,Dish,Tailoring,All,100g - 499g,
Pumpkin Soup,Dish,NPC Gifts,All,100g - 499g,
Pumpkin Soup,Dish,Tailoring,All,100g - 499g,
Purple Mushroom,Foraged,NPC Gifts,All,100g - 499g,
Purple Mushroom,Foraged,Bundles,All,100g - 499g,
Purple Mushroom,Foraged,Cooking,All,100g - 499g,
Purple Mushroom,Foraged,Tailoring,All,100g - 499g,
Purple Mushroom,Foraged,Quests,All,100g - 499g,
Pyrite,Mineral,Museum,All,100g - 499g,
Pyrite,Mineral,Tailoring,All,100g - 499g,
Quartz,Mineral,Museum,All,0g - 99g,
Quartz,Mineral,Bundles,All,0g - 99g,
Quartz,Mineral,Refined Goods,All,0g - 99g,
Quartz,Mineral,Tailoring,All,0g - 99g,
Quartz,Mineral,Quests,All,0g - 99g,
Rabbit's Foot,Animal Product,NPC Gifts,All,500g - 999g,
Rabbit's Foot,Animal Product,Bundles,All,500g - 999g,
Rabbit's Foot,Animal Product,Quests,All,500g - 999g,
Rabbit's Foot,Animal Product,Tailoring,All,500g - 999g,
Radish,Crop,Artisan Goods,Summer,0g - 99g,
Radish,Crop,Tailoring,Summer,0g - 99g,
Radish,Crop,Quests,Summer,0g - 99g,
Radish,Crop,Cooking,Summer,0g - 99g,
Radish Salad,Dish,Tailoring,All,100g - 499g,
Rainbow Shell,Foraged,Tailoring,Summer,100g - 499g,
Rainbow Shell,Foraged,Quests,Summer,100g - 499g,
Rainbow Trout,Fish,Artisan Goods,Summer,0g - 99g,
Rainbow Trout,Fish,Cooking,Summer,0g - 99g,
Rainbow Trout,Fish,Crafting,Summer,0g - 99g,
Rainbow Trout,Fish,Tailoring,Summer,0g - 99g,
Rainbow Trout,Fish,Quests,Summer,0g - 99g,
Rare Disc,Artifact,Museum,All,100g - 499g,
Rare Disc,Artifact,Tailoring,All,100g - 499g,
Red Cabbage,Crop,Artisan Goods,Summer,100g - 499g,
Red Cabbage,Crop,Tailoring,Summer,100g - 499g,
Red Cabbage,Crop,Quests,Summer,100g - 499g,
Red Cabbage,Crop,Cooking,Summer,100g - 499g,
Red Cabbage,Crop,Bundles,Summer,100g - 499g,
Red Mullet,Fish,Artisan Goods,Summer,0g - 99g,
Red Mullet,Fish,Cooking,Summer,0g - 99g,
Red Mullet,Fish,Crafting,Summer,0g - 99g,
Red Mullet,Fish,Tailoring,Summer,0g - 99g,
Red Mullet,Fish,Quests,Summer,0g - 99g,
Red Mullet,Fish,Artisan Goods,Winter,0g - 99g,
Red Mullet,Fish,Cooking,Winter,0g - 99g,
Red Mullet,Fish,Crafting,Winter,0g - 99g,
Red Mullet,Fish,Tailoring,Winter,0g - 99g,
Red Mullet,Fish,Quests,Winter,0g - 99g,
Red Mushroom,Foraged,Bundles,Summer,0g - 99g,
Red Mushroom,Foraged,Cooking,Summer,0g - 99g,
Red Mushroom,Foraged,Tailoring,Summer,0g - 99g,
Red Mushroom,Foraged,Quests,Summer,0g - 99g,
Red Plate,Dish,Tailoring,All,100g - 499g,
Red Plate,Dish,NPC Gifts,All,100g - 499g,
Red Snapper,Fish,Artisan Goods,Summer,0g - 99g,
Red Snapper,Fish,Bundles,Summer,0g - 99g,
Red Snapper,Fish,Cooking,Summer,0g - 99g,
Red Snapper,Fish,Crafting,Summer,0g - 99g,
Red Snapper,Fish,Tailoring,Summer,0g - 99g,
Red Snapper,Fish,Quests,Summer,0g - 99g,
Red Snapper,Fish,Artisan Goods,Fall,0g - 99g,
Red Snapper,Fish,Bundles,Fall,0g - 99g,
Red Snapper,Fish,Cooking,Fall,0g - 99g,
Red Snapper,Fish,Crafting,Fall,0g - 99g,
Red Snapper,Fish,Tailoring,Fall,0g - 99g,
Red Snapper,Fish,Quests,Fall,0g - 99g,
Red Snapper,Fish,Artisan Goods,Winter,0g - 99g,
Red Snapper,Fish,Bundles,Winter,0g - 99g,
Red Snapper,Fish,Cooking,Winter,0g - 99g,
Red Snapper,Fish,Crafting,Winter,0g - 99g,
Red Snapper,Fish,Tailoring,Winter,0g - 99g,
Red Snapper,Fish,Quests,Winter,0g - 99g,
Refined Quartz,Refined Good,Crafting,All,0g - 99g,
Refined Quartz,Refined Good,Buildings,All,0g - 99g,
Refined Quartz,Refined Good,Tailoring,All,0g - 99g,
Refined Quartz,Refined Good,Quests,All,0g - 99g,
Rhubarb,Crop,Artisan Goods,Spring,100g - 499g,
Rhubarb,Crop,Tailoring,Spring,100g - 499g,
Rhubarb,Crop,Cooking,Spring,100g - 499g,
Rhubarb Pie,Dish,NPC Gifts,All,100g - 499g,
Rhubarb Pie,Dish,Cooking,All,100g - 499g,
Rice Pudding,Dish,NPC Gifts,All,100g - 499g,
Rice Pudding,Dish,Tailoring,All,100g - 499g,
Rice Pudding,Dish,Quests,All,100g - 499g,
Roasted Hazelnuts,Dish,NPC Gifts,All,100g - 499g,
Roasted Hazelnuts,Dish,Tailoring,All,100g - 499g,
Roe,Fish,Artisan Goods,All,0g - 99g,
Roe,Fish,Tailoring,All,0g - 99g,
Roots Platter,Dish,NPC Gifts,All,100g - 499g,
Roots Platter,Dish,Tailoring,All,100g - 499g,
Ruby,Mineral,Museum,All,100g - 499g,
Ruby,Mineral,NPC Gifts,All,100g - 499g,
Ruby,Mineral,Tailoring,All,100g - 499g,
Ruby,Mineral,Quests,All,100g - 499g,
Rusty Cog,Artifact,Museum,All,0g - 99g,
Rusty Cog,Artifact,Tailoring,All,0g - 99g,
Rusty Spoon,Artifact,Museum,All,0g - 99g,
Rusty Spoon,Artifact,Tailoring,All,0g - 99g,
Rusty Spur,Artifact,Museum,All,0g - 99g,
Rusty Spur,Artifact,Tailoring,All,0g - 99g,
Salad,Dish,NPC Gifts,All,100g - 499g,
Salad,Dish,Tailoring,All,100g - 499g,
Salmon,Fish,Artisan Goods,Fall,0g - 99g,
Salmon,Fish,Cooking,Fall,0g - 99g,
Salmon,Fish,Crafting,Fall,0g - 99g,
Salmon,Fish,Tailoring,Fall,0g - 99g,
Salmon,Fish,Quests,Fall,0g - 99g,
Salmon Dinner,Dish,NPC Gifts,All,100g - 499g,
Salmon Dinner,Dish,Tailoring,All,100g - 499g,
Salmonberry,Foraged,Artisan Goods,Spring,0g - 99g,
Salmonberry,Foraged,Tailoring,Spring,0g - 99g,
Sandfish,Fish,NPC Gifts,All,0g - 99g,
Sandfish,Fish,Artisan Goods,All,0g - 99g,
Sandfish,Fish,Bundles,All,0g - 99g,
Sandfish,Fish,Cooking,All,0g - 99g,
Sandfish,Fish,Crafting,All,0g - 99g,
Sandfish,Fish,Tailoring,All,0g - 99g,
Sandfish,Fish,Quests,All,0g - 99g,
Sandstone,Mineral,Museum,All,0g - 99g,
Sandstone,Mineral,Tailoring,All,0g - 99g,
Sap,Resource,Tailoring,All,0g - 99g,
Sap,Resource,Crafting,All,0g - 99g,
Sardine,Fish,Artisan Goods,Spring,0g - 99g,
Sardine,Fish,Bundles,Spring,0g - 99g,
Sardine,Fish,Cooking,Spring,0g - 99g,
Sardine,Fish,Crafting,Spring,0g - 99g,
Sardine,Fish,Tailoring,Spring,0g - 99g,
Sardine,Fish,Quests,Spring,0g - 99g,
Sardine,Fish,Artisan Goods,Fall,0g - 99g,
Sardine,Fish,Bundles,Fall,0g - 99g,
Sardine,Fish,Cooking,Fall,0g - 99g,
Sardine,Fish,Crafting,Fall,0g - 99g,
Sardine,Fish,Tailoring,Fall,0g - 99g,
Sardine,Fish,Quests,Fall,0g - 99g,
Sardine,Fish,Artisan Goods,Winter,0g - 99g,
Sardine,Fish,Bundles,Winter,0g - 99g,
Sardine,Fish,Cooking,Winter,0g - 99g,
Sardine,Fish,Crafting,Winter,0g - 99g,
Sardine,Fish,Tailoring,Winter,0g - 99g,
Sardine,Fish,Quests,Winter,0g - 99g,
Sashimi,Dish,Tailoring,All,0g - 99g,
Sashimi,Dish,NPC Gifts,All,0g - 99g,
Sashimi,Dish,Quests,All,0g - 99g,
Scorpion Carp,Fish,Artisan Goods,All,100g - 499g,
Scorpion Carp,Fish,Cooking,All,100g - 499g,
Scorpion Carp,Fish,Crafting,All,100g - 499g,
Scorpion Carp,Fish,Tailoring,All,100g - 499g,
Scorpion Carp,Fish,Quests,All,100g - 499g,
Sea Cucumber,Fish,NPC Gifts,Fall,0g - 99g,
Sea Cucumber,Fish,Artisan Goods,Fall,0g - 99g,
Sea Cucumber,Fish,Cooking,Fall,0g - 99g,
Sea Cucumber,Fish,Crafting,Fall,0g - 99g,
Sea Cucumber,Fish,Tailoring,Fall,0g - 99g,
Sea Cucumber,Fish,Quests,Fall,0g - 99g,
Sea Cucumber,Fish,NPC Gifts,Winter,0g - 99g,
Sea Cucumber,Fish,Artisan Goods,Winter,0g - 99g,
Sea Cucumber,Fish,Cooking,Winter,0g - 99g,
Sea Cucumber,Fish,Crafting,Winter,0g - 99g,
Sea Cucumber,Fish,Tailoring,Winter,0g - 99g,
Sea Cucumber,Fish,Quests,Winter,0g - 99g,
Sea Urchin,Fish,Bundles,All,100g - 499g,
Sea Urchin,Fish,Tailoring,All,100g - 499g,
Sea Urchin,Fish,Quests,All,100g - 499g,
Seafoam Pudding,Dish,Tailoring,All,100g - 499g,
Seaweed,Fish,Cooking,All,0g - 99g,
Seaweed,Fish,Buildings,All,0g - 99g,
Seaweed,Fish,Tailoring,All,0g - 99g,
Seaweed,Fish,Quests,All,0g - 99g,
Shad,Fish,Artisan Goods,Spring,0g - 99g,
Shad,Fish,Bundles,Spring,0g - 99g,
Shad,Fish,Cooking,Spring,0g - 99g,
Shad,Fish,Crafting,Spring,0g - 99g,
Shad,Fish,Tailoring,Spring,0g - 99g,
Shad,Fish,Artisan Goods,Summer,0g - 99g,
Shad,Fish,Bundles,Summer,0g - 99g,
Shad,Fish,Cooking,Summer,0g - 99g,
Shad,Fish,Crafting,Summer,0g - 99g,
Shad,Fish,Tailoring,Summer,0g - 99g,
Shad,Fish,Artisan Goods,Fall,0g - 99g,
Shad,Fish,Bundles,Fall,0g - 99g,
Shad,Fish,Cooking,Fall,0g - 99g,
Shad,Fish,Crafting,Fall,0g - 99g,
Shad,Fish,Tailoring,Fall,0g - 99g,
Shrimp,Fish,Artisan Goods,All,0g - 99g,
Shrimp,Fish,Bundles,All,0g - 99g,
Shrimp,Fish,Cooking,All,0g - 99g,
Shrimp,Fish,Crafting,All,0g - 99g,
Shrimp,Fish,Tailoring,All,0g - 99g,
Shrimp Cocktail,Dish,Tailoring,All,100g - 499g,
Skeletal Hand,Artifact,Museum,All,100g - 499g,
Skeletal Hand,Artifact,Tailoring,All,100g - 499g,
Skeletal Tail,Artifact,Museum,All,100g - 499g,
Skeletal Tail,Artifact,Tailoring,All,100g - 499g,
Slate,Mineral,Museum,All,0g - 99g,
Slate,Mineral,Tailoring,All,0g - 99g,
Slime,Resource,Bundles,All,0g - 99g,
Slime,Resource,Crafting,All,0g - 99g,
Slime,Resource,Tailoring,All,0g - 99g,
Slime,Resource,Quests,All,0g - 99g,
Slimejack,Fish,Artisan Goods,All,100g - 499g,
Slimejack,Fish,Cooking,All,100g - 499g,
Slimejack,Fish,Crafting,All,100g - 499g,
Slimejack,Fish,Tailoring,All,100g - 499g,
Smallmouth Bass,Fish,Artisan Goods,Spring,0g - 99g,
Smallmouth Bass,Fish,Cooking,Spring,0g - 99g,
Smallmouth Bass,Fish,Crafting,Spring,0g - 99g,
Smallmouth Bass,Fish,Tailoring,Spring,0g - 99g,
Smallmouth Bass,Fish,Quests,Spring,0g - 99g,
Smallmouth Bass,Fish,Artisan Goods,Fall,0g - 99g,
Smallmouth Bass,Fish,Cooking,Fall,0g - 99g,
Smallmouth Bass,Fish,Crafting,Fall,0g - 99g,
Smallmouth Bass,Fish,Tailoring,Fall,0g - 99g,
Smallmouth Bass,Fish,Quests,Fall,0g - 99g,
Snail,Fish,NPC Gifts,All,0g - 99g,
Snail,Fish,Artisan Goods,All,0g - 99g,
Snail,Fish,Bundles,All,0g - 99g,
Snail,Fish,Cooking,All,0g - 99g,
Snail,Fish,Crafting,All,0g - 99g,
Snail,Fish,Tailoring,All,0g - 99g,
Snail,Fish,Quests,All,0g - 99g,
Snow Yam,Foraged,Bundles,Winter,100g - 499g,
Snow Yam,Foraged,Crafting,Winter,100g - 499g,
Snow Yam,Foraged,Tailoring,Winter,100g - 499g,
Snow Yam,Foraged,Quests,Winter,100g - 499g,
Soapstone,Mineral,Museum,All,100g - 499g,
Soapstone,Mineral,Tailoring,All,100g - 499g,
Solar Essence,Resource,NPC Gifts,All,0g - 99g,
Solar Essence,Resource,Bundles,All,0g - 99g,
Solar Essence,Resource,Crafting,All,0g - 99g,
Solar Essence,Resource,Tailoring,All,0g - 99g,
Solar Essence,Resource,Quests,All,0g - 99g,
Spaghetti,Dish,NPC Gifts,All,100g - 499g,
Spaghetti,Dish,Tailoring,All,100g - 499g,
Spice Berry,Foraged,Artisan Goods,Summer,0g - 99g,
Spice Berry,Foraged,Bundles,Summer,0g - 99g,
Spice Berry,Foraged,Crafting,Summer,0g - 99g,
Spice Berry,Foraged,Tailoring,Summer,0g - 99g,
Spice Berry,Foraged,Quests,Summer,0g - 99g,
Spicy Eel,Dish,NPC Gifts,All,100g - 499g,
Spicy Eel,Dish,Tailoring,All,100g - 499g,
Spook Fish,Fish,Artisan Goods,Winter,100g - 499g,
Spook Fish,Fish,Cooking,Winter,100g - 499g,
Spook Fish,Fish,Crafting,Winter,100g - 499g,
Spook Fish,Fish,Tailoring,Winter,100g - 499g,
Spring Onion,Foraged,Tailoring,Spring,0g - 99g,
Squid,Fish,Tailoring,Winter,0g - 99g,
Squid,Fish,Quests,Winter,0g - 99g,
Squid,Fish,Crafting,Winter,0g - 99g,
Squid,Fish,Cooking,Winter,0g - 99g,
Squid Ink,Fish,Cooking,All,100g - 499g,
Squid Ink,Fish,Tailoring,All,100g - 499g,
Star Shards,Mineral,Museum,All,500g - 999g,
Star Shards,Mineral,Tailoring,All,500g - 999g,
Starfruit,Crop,Artisan Goods,Summer,500g - 999g,
Starfruit,Crop,Tailoring,Summer,500g - 999g,
Starfruit,Crop,Quests,Summer,500g - 999g,
Starfruit,Crop,Buildings,Summer,500g - 999g,
Stir Fry,Dish,Tailoring,All,100g - 499g,
Stir Fry,Dish,NPC Gifts,All,100g - 499g,
Stone,Resource,Crafting,All,0g - 99g,
Stone,Resource,Buildings,All,0g - 99g,
Stone,Resource,Bundles,All,0g - 99g,
Stone,Resource,Tailoring,All,0g - 99g,
Stonefish,Fish,Artisan Goods,All,100g - 499g,
Stonefish,Fish,Cooking,All,100g - 499g,
Stonefish,Fish,Crafting,All,100g - 499g,
Stonefish,Fish,Tailoring,All,100g - 499g,
Strange Bun,Dish,Tailoring,All,100g - 499g,
Strange Bun,Dish,Quests,All,100g - 499g,
Strange Doll (green),Artifact,Museum,All,"1,000g - 5,000g",
Strange Doll (green),Artifact,Tailoring,All,"1,000g - 5,000g",
Strange Doll (yellow),Artifact,Museum,All,"1,000g - 5,000g",
Strange Doll (yellow),Artifact,Tailoring,All,"1,000g - 5,000g",
Strawberry,Crop,Artisan Goods,Spring,100g - 499g,
Strawberry,Crop,NPC Gifts,Spring,100g - 499g,
Strawberry,Crop,Tailoring,Spring,100g - 499g,
Stuffing,Dish,Tailoring,All,100g - 499g,
Stuffing,Dish,NPC Gifts,All,100g - 499g,
Sturgeon,Fish,NPC Gifts,Summer,100g - 499g,
Sturgeon,Fish,Bundles,Summer,100g - 499g,
Sturgeon,Fish,Artisan Goods,Summer,100g - 499g,
Sturgeon,Fish,Cooking,Summer,100g - 499g,
Sturgeon,Fish,Crafting,Summer,100g - 499g,
Sturgeon,Fish,Tailoring,Summer,100g - 499g,
Sturgeon,Fish,NPC Gifts,Winter,100g - 499g,
Sturgeon,Fish,Bundles,Winter,100g - 499g,
Sturgeon,Fish,Artisan Goods,Winter,100g - 499g,
Sturgeon,Fish,Cooking,Winter,100g - 499g,
Sturgeon,Fish,Crafting,Winter,100g - 499g,
Sturgeon,Fish,Tailoring,Winter,100g - 499g,
Summer Spangle,Crop,NPC Gifts,Summer,0g - 99g,
Summer Spangle,Crop,Tailoring,Summer,0g - 99g,
Sunfish,Fish,Artisan Goods,Spring,0g - 99g,
Sunfish,Fish,Bundles,Spring,0g - 99g,
Sunfish,Fish,Cooking,Spring,0g - 99g,
Sunfish,Fish,Crafting,Spring,0g - 99g,
Sunfish,Fish,Tailoring,Spring,0g - 99g,
Sunfish,Fish,Quests,Spring,0g - 99g,
Sunfish,Fish,Artisan Goods,Summer,0g - 99g,
Sunfish,Fish,Bundles,Summer,0g - 99g,
Sunfish,Fish,Cooking,Summer,0g - 99g,
Sunfish,Fish,Crafting,Summer,0g - 99g,
Sunfish,Fish,Tailoring,Summer,0g - 99g,
Sunfish,Fish,Quests,Summer,0g - 99g,
Sunflower,Crop,Artisan Goods,Fall,0g - 99g,
Sunflower,Crop,NPC Gifts,Fall,0g - 99g,
Sunflower,Crop,Bundles,Fall,0g - 99g,
Sunflower,Crop,Tailoring,Fall,0g - 99g,
Super Cucumber,Fish,NPC Gifts,Summer,100g - 499g,
Super Cucumber,Fish,Artisan Goods,Summer,100g - 499g,
Super Cucumber,Fish,Cooking,Summer,100g - 499g,
Super Cucumber,Fish,Crafting,Summer,100g - 499g,
Super Cucumber,Fish,Tailoring,Summer,100g - 499g,
Super Cucumber,Fish,Quests,Summer,100g - 499g,
Super Cucumber,Fish,NPC Gifts,Fall,100g - 499g,
Super Cucumber,Fish,Artisan Goods,Fall,100g - 499g,
Super Cucumber,Fish,Cooking,Fall,100g - 499g,
Super Cucumber,Fish,Crafting,Fall,100g - 499g,
Super Cucumber,Fish,Tailoring,Fall,100g - 499g,
Super Cucumber,Fish,Quests,Fall,100g - 499g,
Super Meal,Dish,Tailoring,All,100g - 499g,
Super Meal,Dish,NPC Gifts,All,100g - 499g,
Survival Burger,Dish,Tailoring,All,100g - 499g,
Survival Burger,Dish,NPC Gifts,All,100g - 499g,
Sweet Gem Berry,Crop,Tailoring,Fall,"1,000g - 5,000g",
Sweet Pea,Foraged,NPC Gifts,Summer,0g - 99g,
Sweet Pea,Foraged,Bundles,Summer,0g - 99g,
Sweet Pea,Foraged,Crafting,Summer,0g - 99g,
Sweet Pea,Foraged,Tailoring,Summer,0g - 99g,
Sweet Pea,Foraged,Quests,Summer,0g - 99g,
Tea Leaves,Crop,Artisan Goods,Spring,0g - 99g,
Tea Leaves,Crop,Quests,Spring,0g - 99g,
Tea Leaves,Crop,Artisan Goods,Summer,0g - 99g,
Tea Leaves,Crop,Quests,Summer,0g - 99g,
Tea Leaves,Crop,Artisan Goods,Fall,0g - 99g,
Tea Leaves,Crop,Quests,Fall,0g - 99g,
Thunder Egg,Mineral,Museum,All,100g - 499g,
Thunder Egg,Mineral,Tailoring,All,100g - 499g,
Tiger Trout,Fish,Artisan Goods,Fall,100g - 499g,
Tiger Trout,Fish,Bundles,Fall,100g - 499g,
Tiger Trout,Fish,Cooking,Fall,100g - 499g,
Tiger Trout,Fish,Crafting,Fall,100g - 499g,
Tiger Trout,Fish,Tailoring,Fall,100g - 499g,
Tiger Trout,Fish,Quests,Fall,100g - 499g,
Tiger Trout,Fish,Artisan Goods,Winter,100g - 499g,
Tiger Trout,Fish,Bundles,Winter,100g - 499g,
Tiger Trout,Fish,Cooking,Winter,100g - 499g,
Tiger Trout,Fish,Crafting,Winter,100g - 499g,
Tiger Trout,Fish,Tailoring,Winter,100g - 499g,
Tiger Trout,Fish,Quests,Winter,100g - 499g,
Tigerseye,Mineral,Museum,All,100g - 499g,
Tigerseye,Mineral,NPC Gifts,All,100g - 499g,
Tigerseye,Mineral,Tailoring,All,100g - 499g,
Tilapia,Fish,Artisan Goods,Fall,0g - 99g,
Tilapia,Fish,Bundles,Fall,0g - 99g,
Tilapia,Fish,Tailoring,Fall,0g - 99g,
Tilapia,Fish,Cooking,Fall,0g - 99g,
Tilapia,Fish,Crafting,Fall,0g - 99g,
Tilapia,Fish,Artisan Goods,Summer,0g - 99g,
Tilapia,Fish,Bundles,Summer,0g - 99g,
Tilapia,Fish,Tailoring,Summer,0g - 99g,
Tilapia,Fish,Cooking,Summer,0g - 99g,
Tilapia,Fish,Crafting,Summer,0g - 99g,
Tom Kha Soup,Dish,Tailoring,All,100g - 499g,
Tom Kha Soup,Dish,NPC Gifts,All,100g - 499g,
Tomato,Crop,Artisan Goods,Summer,0g - 99g,
Tomato,Crop,Tailoring,Summer,0g - 99g,
Tomato,Crop,Quests,Summer,0g - 99g,
Tomato,Crop,Bundles,Summer,0g - 99g,
Tomato,Crop,Cooking,Summer,0g - 99g,
Topaz,Mineral,Museum,All,0g - 99g,
Topaz,Mineral,NPC Gifts,All,0g - 99g,
Topaz,Mineral,Tailoring,All,0g - 99g,
Topaz,Mineral,Quests,All,0g - 99g,
Tortilla,Dish,Tailoring,All,0g - 99g,
Tortilla,Dish,Cooking,All,0g - 99g,
Trilobite,Artifact,Museum,All,0g - 99g,
Trilobite,Artifact,Tailoring,All,0g - 99g,
Triple Shot Espresso,Dish,Tailoring,All,100g - 499g,
Trout Soup,Dish,Tailoring,All,100g - 499g,
Truffle,Animal Product,Artisan Goods,Spring,500g - 999g,
Truffle,Animal Product,Bundles,Spring,500g - 999g,
Truffle,Animal Product,Tailoring,Spring,500g - 999g,
Truffle,Animal Product,Quests,Spring,500g - 999g,
Truffle,Animal Product,Artisan Goods,Summer,500g - 999g,
Truffle,Animal Product,Bundles,Summer,500g - 999g,
Truffle,Animal Product,Tailoring,Summer,500g - 999g,
Truffle,Animal Product,Quests,Summer,500g - 999g,
Truffle,Animal Product,Artisan Goods,Fall,500g - 999g,
Truffle,Animal Product,Bundles,Fall,500g - 999g,
Truffle,Animal Product,Tailoring,Fall,500g - 999g,
Truffle,Animal Product,Quests,Fall,500g - 999g,
Truffle Oil,Artisan Good,NPC Gifts,All,"1,000g - 5,000g",
Truffle Oil,Artisan Good,Bundles,All,"1,000g - 5,000g",
Truffle Oil,Artisan Good,Crafting,All,"1,000g - 5,000g",
Truffle Oil,Artisan Good,Tailoring,All,"1,000g - 5,000g",
Truffle Oil,Artisan Good,Quests,All,"1,000g - 5,000g",
Tulip,Crop,NPC Gifts,Spring,0g - 99g,
Tulip,Crop,Tailoring,Spring,0g - 99g,
Tuna,Fish,Artisan Goods,Winter,100g - 499g,
Tuna,Fish,Bundles,Winter,100g - 499g,
Tuna,Fish,Cooking,Winter,100g - 499g,
Tuna,Fish,Crafting,Winter,100g - 499g,
Tuna,Fish,Tailoring,Winter,100g - 499g,
Tuna,Fish,Quests,Winter,100g - 499g,
Tuna,Fish,Artisan Goods,Summer,100g - 499g,
Tuna,Fish,Bundles,Summer,100g - 499g,
Tuna,Fish,Cooking,Summer,100g - 499g,
Tuna,Fish,Crafting,Summer,100g - 499g,
Tuna,Fish,Tailoring,Summer,100g - 499g,
Tuna,Fish,Quests,Summer,100g - 499g,
Unmilled Rice,Crop,Refined Goods,Spring,0g - 99g,
Unmilled Rice,Crop,Artisan Goods,Spring,0g - 99g,
Unmilled Rice,Crop,Tailoring,Spring,0g - 99g,
Unmilled Rice,Crop,Quests,Spring,0g - 99g,
Vegetable Medley,Dish,Tailoring,All,100g - 499g,
Vegetable Medley,Dish,NPC Gifts,All,100g - 499g,
Void Egg,Animal Product,NPC Gifts,All,0g - 99g,
Void Egg,Animal Product,Artisan Goods,All,0g - 99g,
Void Egg,Animal Product,Cooking,All,0g - 99g,
Void Egg,Animal Product,Tailoring,All,0g - 99g,
Void Egg,Animal Product,Quests,All,0g - 99g,
Void Essence,Resource,NPC Gifts,All,0g - 99g,
Void Essence,Resource,Bundles,All,0g - 99g,
Void Essence,Resource,Crafting,All,0g - 99g,
Void Essence,Resource,Tailoring,All,0g - 99g,
Void Essence,Resource,Quests,All,0g - 99g,
Void Mayonnaise,Artisan Good,Cooking,All,100g - 499g,
Void Mayonnaise,Artisan Good,Tailoring,All,100g - 499g,
Void Mayonnaise,Artisan Good,Quests,All,100g - 499g,
Void Salmon,Fish,Artisan Goods,All,100g - 499g,
Void Salmon,Fish,Bundles,All,100g - 499g,
Void Salmon,Fish,Cooking,All,100g - 499g,
Void Salmon,Fish,Crafting,All,100g - 499g,
Void Salmon,Fish,Tailoring,All,100g - 499g,
Walleye,Fish,Artisan Goods,Fall,100g - 499g,
Walleye,Fish,Bundles,Fall,100g - 499g,
Walleye,Fish,Cooking,Fall,100g - 499g,
Walleye,Fish,Crafting,Fall,100g - 499g,
Walleye,Fish,Tailoring,Fall,100g - 499g,
Walleye,Fish,Quests,Fall,100g - 499g,
Walleye,Fish,Artisan Goods,Winter,100g - 499g,
Walleye,Fish,Bundles,Winter,100g - 499g,
Walleye,Fish,Cooking,Winter,100g - 499g,
Walleye,Fish,Crafting,Winter,100g - 499g,
Walleye,Fish,Tailoring,Winter,100g - 499g,
Walleye,Fish,Quests,Winter,100g - 499g,
Wheat,Crop,Refined Goods,Summer,0g - 99g,
Wheat,Crop,Artisan Goods,Summer,0g - 99g,
Wheat,Crop,Tailoring,Summer,0g - 99g,
Wheat,Crop,Quests,Summer,0g - 99g,
Wheat,Crop,Bundles,Summer,0g - 99g,
White Algae,Fish,Cooking,All,0g - 99g,
White Algae,Fish,Tailoring,All,0g - 99g,
White Algae,Fish,Quests,All,0g - 99g,
Wild Horseradish,Foraged,Cooking,Spring,0g - 99g,
Wild Horseradish,Foraged,Crafting,Spring,0g - 99g,
Wild Horseradish,Foraged,Tailoring,Spring,0g - 99g,
Wild Horseradish,Foraged,Quests,Spring,0g - 99g,
Wild Horseradish,Foraged,Bundles,Spring,0g - 99g,
Wild Plum,Foraged,Artisan Goods,Fall,0g - 99g,
Wild Plum,Foraged,Bundles,Fall,0g - 99g,
Wild Plum,Foraged,Cooking,Fall,0g - 99g,
Wild Plum,Foraged,Crafting,Fall,0g - 99g,
Wild Plum,Foraged,Quests,Fall,0g - 99g,
Wild Plum,Foraged,Tailoring,Fall,0g - 99g,
Wine,Artisan Good,NPC Gifts,All,100g - 499g,
Wine,Artisan Good,Bundles,All,100g - 499g,
Wine,Artisan Good,Tailoring,All,100g - 499g,
Wine,Artisan Good,Quests,All,100g - 499g,
Winter Root,Foraged,Bundles,Winter,0g - 99g,
Winter Root,Foraged,Cooking,Winter,0g - 99g,
Winter Root,Foraged,Crafting,Winter,0g - 99g,
Winter Root,Foraged,Quests,Winter,0g - 99g,
Winter Root,Foraged,Tailoring,Winter,0g - 99g,
Wood,Resource,Refined Goods,All,0g - 99g,
Wood,Resource,Buildings,All,0g - 99g,
Wood,Resource,Crafting,All,0g - 99g,
Wood,Resource,Tailoring,All,0g - 99g,
Woodskip,Fish,Artisan Goods,All,0g - 99g,
Woodskip,Fish,Bundles,All,0g - 99g,
Woodskip,Fish,Cooking,All,0g - 99g,
Woodskip,Fish,Crafting,All,0g - 99g,
Woodskip,Fish,Tailoring,All,0g - 99g,
Woodskip,Fish,Quests,All,0g - 99g,
Wool,Animal Product,Artisan Goods,All,100g - 499g,
Wool,Animal Product,NPC Gifts,All,100g - 499g,
Wool,Animal Product,Bundles,All,100g - 499g,
Wool,Animal Product,Tailoring,All,100g - 499g,
Wool,Animal Product,Quests,All,100g - 499g,
Yam,Crop,NPC Gifts,Fall,100g - 499g,
Yam,Crop,Artisan Goods,Fall,100g - 499g,
Yam,Crop,Tailoring,Fall,100g - 499g,
Yam,Crop,Quests,Fall,100g - 499g,
Yam,Crop,Cooking,Fall,100g - 499g,
Yam,Crop,Bundles,Fall,100g - 499g,
